country,year,age,births,expos,asfr,version
Belgium,2012,12,0,60112,0,final
Belgium,2012,13,0,59991.5,0,final
Belgium,2012,14,26.49803381655528,60631,4.3703771695263613e-4,final
Belgium,2012,15,72.04557318121434,61190.5,0.0011773980140906569,final
Belgium,2012,16,161.10190669688208,61032,0.002639630139875509,final
Belgium,2012,17,417.2639446745331,61003.5,0.006840000076627294,final
Belgium,2012,18,753.4766195202001,62886.5,0.0119815321177073,final
Belgium,2012,19,1346.8519653043682,65906,0.02043595371141274,final
Belgium,2012,20,1878.188067515824,68204.5,0.02753759748280281,final
Belgium,2012,21,2584.6349378760647,69264.5,0.03731543486022515,final
Belgium,2012,22,3437.1742205204346,69526,0.049437249669482417,final
Belgium,2012,23,4224.672360709542,69661,0.0606461629995197,final
Belgium,2012,24,5502.480651715246,69785,0.07884904566475956,final
Belgium,2012,25,6665.216152223177,69782.5,0.09551414971121953,final
Belgium,2012,26,7810.940892396656,69594,0.11223583775033273,final
Belgium,2012,27,9039.7181683207,69821,0.1294699040162802,final
Belgium,2012,28,9913.270743142924,70392,0.14082950822739693,final
Belgium,2012,29,10307.520129717901,71353,0.14445811850542936,final
Belgium,2012,30,10230.471391732437,72753,0.14061923758102673,final
Belgium,2012,31,9731.155544268187,73853.5,0.13176295699280585,final
Belgium,2012,32,8696.501062749081,73703,0.11799385456153862,final
Belgium,2012,33,7363.657958896617,72624,0.1013942768078957,final
Belgium,2012,34,6380.035758380871,72052,0.08854765666991715,final
Belgium,2012,35,5226.305954520591,71104.5,0.07350176085227504,final
Belgium,2012,36,4234.678690318044,70098,0.06041083469311598,final
Belgium,2012,37,3379.137508791123,70496.5,0.047933408166236945,final
Belgium,2012,38,2722.722286473392,72281.5,0.037668314665210215,final
Belgium,2012,39,2067.307697116512,74549,0.02773085751809564,final
Belgium,2012,40,1508.9545049621004,76765.5,0.01965667526378517,final
Belgium,2012,41,988.6253653199968,77861,0.0126973114308832,final
Belgium,2012,42,626.3962334922248,77740.5,0.008057527717113022,final
Belgium,2012,43,389.2462217707275,77367.5,0.005031133509170227,final
Belgium,2012,44,174.11013518793467,77256.5,0.0022536632540683913,final
Belgium,2012,45,103.06519496757053,78342.5,0.0013155719432947702,final
Belgium,2012,46,43.02721731655856,80422.5,5.350146702298307e-4,final
Belgium,2012,47,24.01519106040478,82613.5,2.9069330146289384e-4,final
Belgium,2012,48,13.00822849105259,83188.5,1.5637051384569488e-4,final
Belgium,2012,49,6.003797765101195,81509.5,7.365764438625185e-5,final
Belgium,2012,50,0,80748.5,0,final
Belgium,2012,51,0.7664118662247913,80252,9.550065621103415e-6,final
Belgium,2012,52,0.6645618509634551,79815.5,8.326225494590087e-6,final
Belgium,2012,53,0.08871537006205504,78846.5,1.125165607377056e-6,final
Belgium,2012,54,0,76869.5,0,final
Belgium,2013,12,0,60270,0,final
Belgium,2013,13,0,60362.5,0,final
Belgium,2013,14,24.280622624683282,60200.5,4.0332925182819546e-4,final
Belgium,2013,15,48.473130728412926,60822,7.969670633720188e-4,final
Belgium,2013,16,184.80381090207428,61527.5,0.0030035969428641547,final
Belgium,2013,17,341.33162887924107,61451.5,0.005554488155362213,final
Belgium,2013,18,611.9732754462132,61653,0.009926090789518971,final
Belgium,2013,19,1066.4088760250845,63573,0.01677455643158392,final
Belgium,2013,20,1650.1061585463901,66819.5,0.024694979138520794,final
Belgium,2013,21,2359.025695449429,69175,0.034102286887595645,final
Belgium,2013,22,3126.5169319826337,70440,0.04438553282201354,final
Belgium,2013,23,4065.6838398456343,70714.5,0.05749434472202496,final
Belgium,2013,24,4992.732465026532,70838,0.070480991346827,final
Belgium,2013,25,6309.585849815083,70867,0.08903418868888316,final
Belgium,2013,26,7820.331757517286,70676,0.11065045782892759,final
Belgium,2013,27,8892.799774883422,70358.5,0.12639268567242654,final
Belgium,2013,28,9827.927255185721,70479,0.13944476021489693,final
Belgium,2013,29,10019.800064319023,71002,0.14111996935746912,final
Belgium,2013,30,10187.436308088118,71877.5,0.14173331443202836,final
Belgium,2013,31,9593.640456665058,73214.5,0.13103470564799402,final
Belgium,2013,32,8634.276410998553,74292.5,0.1162200277416772,final
Belgium,2013,33,7614.320951921531,74057.5,0.10281633800656963,final
Belgium,2013,34,6419.660250844187,72967,0.08798032330840226,final
Belgium,2013,35,5378.497797073484,72355.5,0.07433433252584094,final
Belgium,2013,36,4236.3496542852545,71383.5,0.05934634270223867,final
Belgium,2013,37,3447.6514230583693,70411.5,0.048964322916829915,final
Belgium,2013,38,2723.584032802701,70705.5,0.03852011558934879,final
Belgium,2013,39,2099.492474674385,72466,0.028972103809709174,final
Belgium,2013,40,1420.8686444766038,74680,0.019026093257587088,final
Belgium,2013,41,1056.3103071233318,76923.5,0.013731958466831746,final
Belgium,2013,42,685.6928284290079,77962,0.008795218547869577,final
Belgium,2013,43,378.696333815726,77808,0.004867061662242006,final
Belgium,2013,44,199.95166425470333,77382.5,0.002583939059279596,final
Belgium,2013,45,97.95611834700112,77261,0.0012678598302766095,final
Belgium,2013,46,52.512558289114004,78381.5,6.69961129719564e-4,final
Belgium,2013,47,19.187280913330117,80347.5,2.388037078108232e-4,final
Belgium,2013,48,11.108425791927962,82523.5,1.3460924211803864e-4,final
Belgium,2013,49,3.029570670525808,83125,3.644596295369393e-5,final
Belgium,2013,50,0,81360,0,final
Belgium,2013,51,2.1921604985090304,80583.5,2.7203590046461503e-5,final
Belgium,2013,52,1.5896566332718185,80050,1.9858296480597358e-5,final
Belgium,2013,53,0.21355316844340985,79578.5,2.6835535784591295e-6,final
Belgium,2013,54,0,78619.5,0,final
Belgium,2014,12,0,59516.5,0,final
Belgium,2014,13,0,60489.5,0,final
Belgium,2014,14,28.153929002054205,60583,4.6471665322044475e-4,final
Belgium,2014,15,52.02205488112291,60429.5,8.608718404276539e-4,final
Belgium,2014,16,180.0763438192716,61102,0.0029471432002106577,final
Belgium,2014,17,346.14674978593325,61827.5,0.005598588812194141,final
Belgium,2014,18,621.2633861764871,62031,0.010015369511639133,final
Belgium,2014,19,1027.4355839021773,62268,0.016500218152215862,final
Belgium,2014,20,1578.6692808156145,64405,0.024511595075158984,final
Belgium,2014,21,2103.89195028849,67756.5,0.03105077668251002,final
Belgium,2014,22,2988.2668832675795,70230.5,0.04254941774966118,final
Belgium,2014,23,3912.6587815398407,71533.5,0.054696873234775886,final
Belgium,2014,24,4871.065100311297,71737,0.0679017118127507,final
Belgium,2014,25,6214.63471002953,71782.5,0.08657590234429742,final
Belgium,2014,26,7566.207712806396,71630,0.10562903410311875,final
Belgium,2014,27,8795.728971439088,71337,0.12329827398739908,final
Belgium,2014,28,9614.075911684446,70939.5,0.1355250024553943,final
Belgium,2014,29,10098.281191731821,70974,0.14228141561320795,final
Belgium,2014,30,10133.296036363347,71403.5,0.14191595700999737,final
Belgium,2014,31,9571.057673994286,72320.5,0.13234224976312783,final
Belgium,2014,32,8656.670017045319,73529.5,0.11773057095513119,final
Belgium,2014,33,7479.170813293747,74580,0.10028386716671692,final
Belgium,2014,34,6657.822600651403,74414.5,0.08946942599428073,final
Belgium,2014,35,5430.302190283369,73256.5,0.0741272404535211,final
Belgium,2014,36,4607.953553508695,72607,0.06346431547245714,final
Belgium,2014,37,3509.4878562111376,71645,0.04898440723303982,final
Belgium,2014,38,2679.1358263778297,70568.5,0.03796503859906091,final
Belgium,2014,39,2133.9046742583687,70882.5,0.03010481676377623,final
Belgium,2014,40,1564.6633429630044,72612,0.021548274981587127,final
Belgium,2014,41,1140.4835108553868,74825,0.01524201150491663,final
Belgium,2014,42,644.2731412200607,76978,0.00836957495933982,final
Belgium,2014,43,392.16625987308043,77998,0.005027901483026237,final
Belgium,2014,44,192.08143340722305,77821,0.0024682467895198344,final
Belgium,2014,45,111.04707868855083,77428,0.0014341979476229635,final
Belgium,2014,46,43.01823769015933,77287,5.56603797406541e-4,final
Belgium,2014,47,35.01484463152504,78312,4.4711978536527016e-4,final
Belgium,2014,48,19.00805851425645,80271.5,2.367971012657849e-4,final
Belgium,2014,49,12.00508958795144,82444.5,1.4561419607070746e-4,final
Belgium,2014,50,0,82972.5,0,final
Belgium,2014,51,1.6449518710083666,81188.5,2.02608974301578e-5,final
Belgium,2014,52,1.0705283408996773,80361,1.3321491032959736e-5,final
Belgium,2014,53,0.14373888824563696,79846,1.8002014909405226e-6,final
Belgium,2014,54,0,79334,0,final
Belgium,2015,12,0,59425.5,0,final
Belgium,2015,13,0,59767.5,0,final
Belgium,2015,14,26.274614918601934,60783,4.3226913641317366e-4,final
Belgium,2015,15,47.474457258037866,60899,7.79560538892886e-4,final
Belgium,2015,16,131.3123285860622,60729,0.0021622672625279883,final
Belgium,2015,17,306.0587350890526,61454.5,0.004980249372935303,final
Belgium,2015,18,564.6430129200673,62514,0.0090322649793657,final
Belgium,2015,19,976.7617057132472,62778.5,0.015558857024510736,final
Belgium,2015,20,1336.3554670720023,63183.5,0.021150386842640916,final
Belgium,2015,21,1949.483032085385,65453,0.029784471790221763,final
Belgium,2015,22,2843.4169613058853,68908.5,0.04126366067039459,final
Belgium,2015,23,3508.059362918415,71370.5,0.04915279230099852,final
Belgium,2015,24,4750.476010309619,72684,0.06535793311195887,final
Belgium,2015,25,5941.377821101676,72750.5,0.08166786236660471,final
Belgium,2015,26,7225.208356739253,72645.5,0.09945844349256668,final
Belgium,2015,27,8648.431979645113,72429,0.11940565215100461,final
Belgium,2015,28,9685.799375475002,72099.5,0.1343393418189447,final
Belgium,2015,29,9961.555265505733,71541.5,0.1392416326957882,final
Belgium,2015,30,9949.434127482404,71532,0.1390906744880949,final
Belgium,2015,31,9352.46807983346,71932.5,0.1300172811988108,final
Belgium,2015,32,8519.139840729604,72725.5,0.11714102812259254,final
Belgium,2015,33,7300.965469385057,73914.5,0.09877582165048883,final
Belgium,2015,34,6545.414532597561,75027.5,0.08724020569254688,final
Belgium,2015,35,5681.783448435383,74766,0.07599421459534259,final
Belgium,2015,36,4437.346611373624,73630.5,0.06026506150811992,final
Belgium,2015,37,3590.887139411162,72944,0.049227998730686034,final
Belgium,2015,38,2742.407477778145,71941.5,0.03811996521865885,final
Belgium,2015,39,2167.6635165053035,70773.5,0.03062818027235199,final
Belgium,2015,40,1516.1523477513797,71127.5,0.021315979723051978,final
Belgium,2015,41,1062.6197667118263,72812.5,0.014593919542823365,final
Belgium,2015,42,672.7231602947494,74920.5,0.008979160046913053,final
Belgium,2015,43,384.84613224068994,77107.5,0.00499103371579535,final
Belgium,2015,44,185.85744969104186,78072,0.002380590348537784,final
Belgium,2015,45,121.21138023328817,77882,0.0015563465272243671,final
Belgium,2015,46,65.6561642930311,77453,8.476903966667669e-4,final
Belgium,2015,47,34.343224399431655,77327.5,4.441269199111785e-4,final
Belgium,2015,48,22.222086376102833,78265,2.839338960723546e-4,final
Belgium,2015,49,14.141327693883621,80209.5,1.7630489772263412e-4,final
Belgium,2015,50,0,82355,0,final
Belgium,2015,51,2.416816370859428,82806.5,2.9186312316779817e-5,final
Belgium,2015,52,1.4212898194343657,80990,1.7548954431835606e-5,final
Belgium,2015,53,0.190123949426311,80171,2.3714803286264485e-6,final
Belgium,2015,54,0,79627.5,0,final
Belgium,2016,12,0,60636,0,final
Belgium,2016,13,0,59727.5,0,final
Belgium,2016,14,34.97497496108407,60053,5.824017944329854e-4,final
Belgium,2016,15,37.40102331058389,61045.5,6.126745347418546e-4,final
Belgium,2016,16,120.28977767458059,61219,0.001964909222211741,final
Belgium,2016,17,295.1648326132566,61121.5,0.004829149032881336,final
Belgium,2016,18,528.6685186874425,62158,0.008505236955620235,final
Belgium,2016,19,926.9388750217681,63255.5,0.01465388582845394,final
Belgium,2016,20,1407.087147252237,63639.5,0.022110279735891025,final
Belgium,2016,21,1753.804741726028,64185.5,0.02732400217690955,final
Belgium,2016,22,2622.1149856122865,66554,0.03939830792457683,final
Belgium,2016,23,3463.1325908664967,70054.5,0.049434834177197705,final
Belgium,2016,24,4669.062883015864,72529.5,0.06437467351926959,final
Belgium,2016,25,5672.825481594507,73686.5,0.07698595375807654,final
Belgium,2016,26,7265.906906931809,73614,0.09870278624897179,final
Belgium,2016,27,8442.522883513422,73350.5,0.11509836856617776,final
Belgium,2016,28,9666.648268084155,73166.5,0.13211850051709667,final
Belgium,2016,29,10156.90492499316,72629,0.13984641018041222,final
Belgium,2016,30,9962.823939165264,72065,0.1382477477161627,final
Belgium,2016,31,9315.88731973895,72000,0.1293873238852632,final
Belgium,2016,32,8462.739652870494,72296,0.1170568171526847,final
Belgium,2016,33,7563.093416480774,73046,0.10353877579170351,final
Belgium,2016,34,6433.986847888282,74301.5,0.08659296040979364,final
Belgium,2016,35,5646.543681430313,75340,0.07494748714401796,final
Belgium,2016,36,4669.062883015864,75073,0.06219363663388787,final
Belgium,2016,37,3545.01050676264,73908,0.047965179774349734,final
Belgium,2016,38,2875.8354410435445,73212.5,0.039280661649903285,final
Belgium,2016,39,2219.801275406546,72150.5,0.030766263233193758,final
Belgium,2016,40,1563.7671097695477,70984.5,0.02202969817029841,final
Belgium,2016,41,968.3832522037666,71287,0.013584289592825713,final
Belgium,2016,42,681.3051273333389,72901.5,0.00934555705072377,final
Belgium,2016,43,419.4979641592517,75031.5,0.005590957986435719,final
Belgium,2016,44,229.46033220277138,77189,0.0029727076682269675,final
Belgium,2016,45,119.27893920672699,78122,0.0015268290520817054,final
Belgium,2016,46,74.80204662116778,77882,9.604535916022672e-4,final
Belgium,2016,47,43.466054117705596,77474.5,5.610369104377001e-4,final
Belgium,2016,48,27.292638632047698,77271.5,3.532044626032586e-4,final
Belgium,2016,49,4.0433538714144746,78210,5.169868138875431e-5,final
Belgium,2016,50,0,80076.5,0,final
Belgium,2016,51,3.8432464943757876,82158,4.677872507090956e-5,final
Belgium,2016,52,2.319599667804241,82595,2.8084020434702356e-5,final
Belgium,2016,53,0.3065560587342617,80776,3.7951378965814315e-6,final
Belgium,2016,54,0,79930,0,final
Croatia,2012,12,0,21656.5,0,final
Croatia,2012,13,0,22682,0,final
Croatia,2012,14,15.881733283794542,23885,6.649249857146553e-4,final
Croatia,2012,15,36.007758249126,24558,0.0014662333353337405,final
Croatia,2012,16,102.021981705857,24236.5,0.004209435426148866,final
Croatia,2012,17,191.0411618217518,23844,0.00801212723627545,final
Croatia,2012,18,360.07758249126005,23780,0.015142034587521449,final
Croatia,2012,19,678.146113691873,23388,0.028995472622365015,final
Croatia,2012,20,905.1950337627509,23979,0.037749490544340916,final
Croatia,2012,21,1148.2474019443514,24938,0.04604408540958984,final
Croatia,2012,22,1343.2894257937837,24969,0.05379828690751667,final
Croatia,2012,23,1535.3308031224558,25481,0.06025394620001004,final
Croatia,2012,24,1877.404506489153,26041.5,0.0720927944430679,final
Croatia,2012,25,2116.456012643073,26407,0.08014753711678997,final
Croatia,2012,26,2607.561826540875,27240,0.0957254708715446,final
Croatia,2012,27,2861.616565298597,28210.5,0.10143799526058017,final
Croatia,2012,28,3005.647598295101,28526.5,0.10536334980790146,final
Croatia,2012,29,3090.665916383315,28518.5,0.10837407003816173,final
Croatia,2012,30,3049.6570805995884,28713,0.10621171875455676,final
Croatia,2012,31,2915.6282026722856,29025.5,0.10045057630953078,final
Croatia,2012,32,2731.5885493989754,29217.5,0.09349152218358776,final
Croatia,2012,33,2397.5165700876396,29037,0.08256764025511036,final
Croatia,2012,34,2104.453426560031,28655,0.07344105484418186,final
Croatia,2012,35,1638.353000335233,28552,0.05738137434628863,final
Croatia,2012,36,1442.3107609788804,28355,0.05086618800842463,final
Croatia,2012,37,1015.2187395239691,27968,0.03629929703675519,final
Croatia,2012,38,836.1801637852593,28000,0.029863577278044975,final
Croatia,2012,39,660.14223456731,28071.5,0.02351645742362574,final
Croatia,2012,40,431.09288348259184,27942,0.015428132684939942,final
Croatia,2012,41,280.0603419376466,27291.5,0.01026181565460479,final
Croatia,2012,42,183.0394377663905,27338.5,0.00669529922147852,final
Croatia,2012,43,102.021981705857,28392,0.0035933355066869893,final
Croatia,2012,44,47.010128825247826,29138.5,0.0016133338649981237,final
Croatia,2012,45,33.0071117283655,30274.5,0.0010902611679256635,final
Croatia,2012,46,19.004094631483166,31121,6.106517988330441e-4,final
Croatia,2012,47,5.001077534600833,30624.5,1.6330315709973497e-4,final
Croatia,2012,48,3.0006465207604998,30186,9.940523821508314e-5,final
Croatia,2012,49,0,30844,0,final
Croatia,2012,50,0,31698,0,final
Croatia,2012,51,1.3408379133479431,32174.5,4.167393163368329e-5,final
Croatia,2012,52,0.6886210202858711,32319.5,2.130667307000019e-5,final
Croatia,2012,53,0.0926869071346461,32191,2.8792801445946414e-6,final
Croatia,2012,54,0,32002,0,final
Croatia,2013,12,0,20639,0,final
Croatia,2013,13,0,21618,0,final
Croatia,2013,14,7.987569447119101,22652,3.5262093621398117e-4,final
Croatia,2013,15,42.008414515038446,23855.5,0.0017609530093705202,final
Croatia,2013,16,92.01843179484611,24507,0.0037547815642406702,final
Croatia,2013,17,172.03445944253838,24230,0.007100060232874056,final
Croatia,2013,18,365.073126142596,23852,0.015305765811780813,final
Croatia,2013,19,599.1200070120958,23814.5,0.02515778231800356,final
Croatia,2013,20,786.1574716385765,23422,0.03356491638795049,final
Croatia,2013,21,962.1927324634996,24011,0.04007299706232559,final
Croatia,2013,22,1202.2408154065763,24967,0.0481531948334432,final
Croatia,2013,23,1422.28489143773,25024,0.056836832298502636,final
Croatia,2013,24,1701.3407878590567,25548.5,0.06659259008783516,final
Croatia,2013,25,2027.406100523403,26102.5,0.07767095490943024,final
Croatia,2013,26,2261.4529813929025,26415,0.08561245434006824,final
Croatia,2013,27,2587.5182940572486,27266.5,0.09489733900783924,final
Croatia,2013,28,2914.583807067191,28193,0.10337969733860147,final
Croatia,2013,29,3086.618266509729,28520.5,0.10822454958748019,final
Croatia,2013,30,2948.59061881746,28482.5,0.10352288664328833,final
Croatia,2013,31,2839.5687811474795,28688,0.09898106459660762,final
Croatia,2013,32,2659.532718940172,28998,0.091714349918621,final
Croatia,2013,33,2405.4818311587487,29177,0.08244445389035024,final
Croatia,2013,34,2087.418121259172,28986,0.07201470093352556,final
Croatia,2013,35,1716.343793042999,28603.5,0.06000467750600448,final
Croatia,2013,36,1366.2736720843457,28502,0.0479360631564222,final
Croatia,2013,37,1117.2237860309033,28263.5,0.039528854743075104,final
Croatia,2013,38,831.1664871904035,27869,0.029824051354207307,final
Croatia,2013,39,629.1260173799805,27929.5,0.022525502331942227,final
Croatia,2013,40,376.0753299441537,27972.5,0.013444466170136874,final
Croatia,2013,41,298.05970298765374,27842.5,0.010705206177162745,final
Croatia,2013,42,196.03926773684606,27197,0.007208121033086225,final
Croatia,2013,43,97.01943352282687,27279.5,0.0035564960326555425,final
Croatia,2013,44,67.01342315494227,28302.5,0.002367756316754431,final
Croatia,2013,45,36.007212441461526,29063,0.0012389365324110217,final
Croatia,2013,46,16.00320552953845,30175,5.303464964221525e-4,final
Croatia,2013,47,10.002003455961534,31005.5,3.225880394111217e-4,final
Croatia,2013,48,8.001602764769226,30509.5,2.622659422399327e-4,final
Croatia,2013,49,3.00060103678846,30067.5,9.979549469654809e-5,final
Croatia,2013,50,0.009638650312894834,30723.5,3.1372240509365254e-7,final
Croatia,2013,51,0.6390673364562643,31572.5,2.024126491270138e-5,final
Croatia,2013,52,0.32183424350347695,32029.5,1.004805705688434e-5,final
Croatia,2013,53,0.043693432973642525,32178.5,1.3578455482276217e-6,final
Croatia,2013,54,0,32018,0,final
Croatia,2014,12,0.008143498272243803,19847,4.1031381429152025e-7,final
Croatia,2014,13,0.10982069755198379,20588.5,5.334079585787395e-6,final
Croatia,2014,14,4.360064654071308,21578.5,2.0205596561722583e-4,final
Croatia,2014,15,27.003412451656935,22607.5,0.0011944448723501906,final
Croatia,2014,16,98.01238593564369,23809,0.0041166107747340796,final
Croatia,2014,17,182.0230024519097,24496.5,0.007430571814418782,final
Croatia,2014,18,356.0449938070322,24243.5,0.014686204294224523,final
Croatia,2014,19,554.0700184525164,23867,0.02321490000639026,final
Croatia,2014,20,744.0940320012132,23834,0.03121985533276887,final
Croatia,2014,21,943.1191830337959,23420,0.04026981994166507,final
Croatia,2014,22,1119.1414271631152,24012.5,0.04660661851798501,final
Croatia,2014,23,1334.1686003892723,25001.5,0.05336354220303871,final
Croatia,2014,24,1610.2034832284319,25059.5,0.06425521192475636,final
Croatia,2014,25,1951.2465812289881,25550,0.07636972920661401,final
Croatia,2014,26,2218.280326584262,26034.5,0.08520541307051267,final
Croatia,2014,27,2460.3109122620763,26387,0.09323950855580689,final
Croatia,2014,28,2700.3412451656936,27208.5,0.09924623721137489,final
Croatia,2014,29,3047.38510148884,28128.5,0.10833798821440319,final
Croatia,2014,30,2958.373853037082,28456.5,0.10396126906109612,final
Croatia,2014,31,2891.3653851014888,28408.5,0.10177817854168607,final
Croatia,2014,32,2613.3302494881323,28590,0.09140714408842715,final
Croatia,2014,33,2371.299663810318,28910.5,0.0820220910676162,final
Croatia,2014,34,2254.2848765198046,29094.5,0.07748147851036466,final
Croatia,2014,35,1839.2324258739668,28886.5,0.06367100292087885,final
Croatia,2014,36,1446.1827557442937,28519.5,0.050708559257500785,final
Croatia,2014,37,1079.136371679179,28379,0.03802587729233515,final
Croatia,2014,38,894.112990065974,28137.5,0.03177656117515679,final
Croatia,2014,39,654.0826571623568,27766,0.023556963810500497,final
Croatia,2014,40,453.0572533555775,27820,0.016285307453471513,final
Croatia,2014,41,333.0420869037689,27850.5,0.011958208538581674,final
Croatia,2014,42,203.0256565809762,27714,0.00732574354409238,final
Croatia,2014,43,101.01276509693889,27118,0.0037249341801363998,final
Croatia,2014,44,71.00897348398676,27167,0.002613795173702903,final
Croatia,2014,45,35.00442354844417,28207.5,0.0012409615722217202,final
Croatia,2014,46,12.00151664518086,28952.5,4.1452436387810586e-4,final
Croatia,2014,47,1.000126387098405,30046,3.328650692599364e-5,final
Croatia,2014,48,3.000379161295215,30883,9.715309915795794e-5,final
Croatia,2014,49,2.00025277419681,30369,6.586495354462807e-5,final
Croatia,2014,50,0,29938.5,0,final
Croatia,2014,51,0.32859061099248454,30604,1.0736851751159475e-5,final
Croatia,2014,52,0.1706083200513091,31414,5.430964539737349e-6,final
Croatia,2014,53,0.023404154552696583,31889.5,7.339141269915359e-7,final
Croatia,2014,54,0,32014.5,0,final
Croatia,2015,12,0,19430,0,final
Croatia,2015,13,0,19767,0,final
Croatia,2015,14,5.330385739976509,20511,2.59879369117864e-4,final
Croatia,2015,15,24.005760921747477,21498,0.0011166508941179401,final
Croatia,2015,16,86.02064330292846,22527,0.0038185574334322573,final
Croatia,2015,17,182.04368698991837,23752.5,0.007664190590039716,final
Croatia,2015,18,308.07393182909266,24454,0.0125980997721883,final
Croatia,2015,19,516.1238598175707,24223,0.02130718159672917,final
Croatia,2015,20,716.1718674987998,23843,0.030036986432026163,final
Croatia,2015,21,871.2090734517523,23770.5,0.036650851831124806,final
Croatia,2015,22,1008.2419587133942,23361,0.04315919518485485,final
Croatia,2015,23,1218.2923667786847,23963,0.05084056114754767,final
Croatia,2015,24,1475.3540566490638,24936,0.059165626269211735,final
Croatia,2015,25,1669.400624099856,24966.5,0.06686562490136207,final
Croatia,2015,26,1995.4788766202594,25416.5,0.07851115915331613,final
Croatia,2015,27,2392.574171867499,25911.5,0.092336382373367,final
Croatia,2015,28,2651.6363418146907,26245.5,0.10103203756128444,final
Croatia,2015,29,2766.663946231397,27067,0.10221538944956578,final
Croatia,2015,30,2896.6951512241963,27996,0.10346817942649651,final
Croatia,2015,31,2756.6615458473357,28298.5,0.09741369845918814,final
Croatia,2015,32,2517.604176668267,28243.5,0.08913924183151051,final
Croatia,2015,33,2242.538166106577,28472,0.07876293081295929,final
Croatia,2015,34,2086.5007201152184,28788.5,0.07247688209233612,final
Croatia,2015,35,1778.4267882861257,28964,0.06140128394856117,final
Croatia,2015,36,1509.3622179548727,28750,0.052499555407126,final
Croatia,2015,37,1215.2916466634663,28349,0.042868942349411486,final
Croatia,2015,38,850.2040326452233,28211,0.030137323478261077,final
Croatia,2015,39,655.157225156025,27952.5,0.023438233616171183,final
Croatia,2015,40,416.0998559769563,27588,0.015082639407603172,final
Croatia,2015,41,291.0698511761882,27624.5,0.010536655909652236,final
Croatia,2015,42,181.04344695151227,27666,0.006543896730698774,final
Croatia,2015,43,98.02352376380222,27558,0.0035569897584658617,final
Croatia,2015,44,55.01320211233797,26946.5,0.0020415713399639275,final
Croatia,2015,45,36.00864138262122,26992.5,0.001334023946748957,final
Croatia,2015,46,12.002880460873738,28048.5,4.2793306097915177e-4,final
Croatia,2015,47,12.002880460873738,28788.5,4.1693316639886547e-4,final
Croatia,2015,48,2.00048007681229,29875,6.696167621129005e-5,final
Croatia,2015,49,3.0007201152184346,30696.5,9.775447087513021e-5,final
Croatia,2015,50,0.33336392890680155,30181,1.1045489841516236e-5,final
Croatia,2015,51,0.8635242138054618,29760,2.901627062518353e-5,final
Croatia,2015,52,0.416607523844746,30427.5,1.3691809180667028e-5,final
Croatia,2015,53,0.05779886230949568,31238.5,1.8502444838739273e-6,final
Croatia,2015,54,0,31705.5,0,final
Croatia,2016,12,0.009651411163265391,19195,5.028086044941595e-7,final
Croatia,2016,13,0.12628540910466626,19320,6.536511858419579e-6,final
Croatia,2016,14,7.17384902021813,19635.5,3.6535097248443534e-4,final
Croatia,2016,15,18.000959104835488,20392.5,8.827244871808502e-4,final
Croatia,2016,16,75.00399627014787,21367.5,0.003510190535633456,final
Croatia,2016,17,158.0084188091115,22434.5,0.007043099637126368,final
Croatia,2016,18,314.01673105101906,23677.5,0.013262241835118533,final
Croatia,2016,19,516.0274943386173,24411,0.02113913786156312,final
Croatia,2016,20,723.0385240442254,24141.5,0.02995002481387757,final
Croatia,2016,21,824.0439056880244,23724,0.034734610760749636,final
Croatia,2016,22,997.0531237511656,23640.5,0.04217563603778116,final
Croatia,2016,23,1216.0647928599974,23228,0.052353400760289194,final
Croatia,2016,24,1368.072891967497,23798,0.05748688511503055,final
Croatia,2016,25,1643.087544958039,24744,0.06640347336558515,final
Croatia,2016,26,1835.0977754096177,24724,0.07422333665303421,final
Croatia,2016,27,2238.119248701212,25159.5,0.08895722286616237,final
Croatia,2016,28,2537.135180498202,25634.5,0.09897346078519971,final
Croatia,2016,29,2693.143492740109,25974.5,0.10368413223508091,final
Croatia,2016,30,2715.1446649793525,26802,0.10130380811056461,final
Croatia,2016,31,2860.1523911016384,27691,0.1032881582861449,final
Croatia,2016,32,2682.142906620488,28043,0.09564393633421844,final
Croatia,2016,33,2365.1260157186625,28030,0.0843783808675941,final
Croatia,2016,34,2157.1149327294524,28270.5,0.0763026806292585,final
Croatia,2016,35,1868.0995337684826,28605.5,0.06530560674585247,final
Croatia,2016,36,1562.0832289862794,28753,0.05432766073057697,final
Croatia,2016,37,1267.067510323698,28531.5,0.04440942503281278,final
Croatia,2016,38,929.0495004662315,28131,0.03302582561822301,final
Croatia,2016,39,705.0375649393899,27980.5,0.0251974612655024,final
Croatia,2016,40,533.0284001598508,27714,0.0192331817911471,final
Croatia,2016,41,315.01678433462104,27354.5,0.011516086360000038,final
Croatia,2016,42,176.009377913947,27407.5,0.006421942093001806,final
Croatia,2016,43,126.0067137338484,27448.5,0.004590659370597607,final
Croatia,2016,44,58.00309044891434,27346,0.0021210813445810845,final
Croatia,2016,45,28.001491940855203,26713.5,0.0010482150201529265,final
Croatia,2016,46,13.00069268682563,26778.5,4.854899522686345e-4,final
Croatia,2016,47,7.000372985213801,27845,2.514050273016269e-4,final
Croatia,2016,48,3.0001598508059146,28580.5,1.0497226608372543e-4,final
Croatia,2016,49,2.000106567203943,29673,6.740493267293307e-5,final
Croatia,2016,50,0.24988918814462413,30474.5,8.199943826629613e-6,final
Croatia,2016,51,0.9362913355998148,29965.5,3.124564367688891e-5,final
Croatia,2016,52,0.44326432630890816,29566.5,1.4992113584932548e-5,final
Croatia,2016,53,0.06124886187833535,30232,2.0259612952611585e-6,final
Croatia,2016,54,0,31048,0,final
Czechia,2012,12,0.25726909634119083,43719,5.884606151586057e-6,final
Czechia,2012,13,3.34767299745419,43760.5,7.649987997061711e-5,final
Czechia,2012,14,18.241079380952606,44063.5,4.1397254827584294e-4,final
Czechia,2012,15,53,44264,0.0011973612868245076,final
Czechia,2012,16,225.00000000000003,45657,0.004928050463236744,final
Czechia,2012,17,483,49829,0.009693150574966385,final
Czechia,2012,18,952,56331.5,0.016899958282666005,final
Czechia,2012,19,1338,60052.5,0.022280504558511303,final
Czechia,2012,20,1781,61998,0.028726733120423238,final
Czechia,2012,21,2337,64647.5,0.03614988978692138,final
Czechia,2012,22,2684,65269,0.04112212535813326,final
Czechia,2012,23,3212,66432.5,0.04834982877356715,final
Czechia,2012,24,3805,67233.5,0.05659381112094417,final
Czechia,2012,25,4598,67322.5,0.06829811727134316,final
Czechia,2012,26,5469,68788,0.07950514624643833,final
Czechia,2012,27,6563,69834,0.0939800097373772,final
Czechia,2012,28,7656,70177.5,0.10909479534038688,final
Czechia,2012,29,8162,71333,0.11442109542567956,final
Czechia,2012,30,8668,72533.5,0.11950340187637437,final
Czechia,2012,31,8457,74653,0.11328412789840998,final
Czechia,2012,32,8106,80744.5,0.10039073868808401,final
Czechia,2012,33,7616,86382,0.08816651617235072,final
Czechia,2012,34,6635,88497.5,0.07497386931834232,final
Czechia,2012,35,5470,90319.5,0.06056277990910047,final
Czechia,2012,36,4408,92442.5,0.047683695270032724,final
Czechia,2012,37,3365,93679.5,0.03592034543309902,final
Czechia,2012,38,2457,90781.5,0.027064985707440394,final
Czechia,2012,39,1622,83593,0.019403538573804027,final
Czechia,2012,40,1021.0000000000001,77419.5,0.013187891939369282,final
Czechia,2012,41,653,73793.5,0.008849017867427348,final
Czechia,2012,42,362,70833,0.005110612285234284,final
Czechia,2012,43,203,67756.5,0.0029960225218244744,final
Czechia,2012,44,94,66259.5,0.0014186644933934002,final
Czechia,2012,45,41,66817,6.136162952542018e-4,final
Czechia,2012,46,36,68650,5.243991260014567e-4,final
Czechia,2012,47,13,71516,1.8177750433469433e-4,final
Czechia,2012,48,7,72040.5,9.716756546664723e-5,final
Czechia,2012,49,2,67508,2.9626118385969072e-5,final
Czechia,2012,50,0,63322,0,final
Czechia,2012,51,0.051209299707822745,61968,8.263829671414722e-7,final
Czechia,2012,52,0.09007709476088054,61021,1.476165496482859e-6,final
Czechia,2012,53,0.01269213078330695,63625.5,1.9948182384903772e-7,final
Czechia,2012,54,0,68944,0,final
Czechia,2013,12,0.13064049484887447,44185,2.9566706993068793e-6,final
Czechia,2013,13,1.6809338176466582,43732.5,3.843671909098858e-5,final
Czechia,2013,14,9.027401365196363,43774.5,2.0622511656778178e-4,final
Czechia,2013,15,55,44102,0.0012471089746496757,final
Czechia,2013,16,204,44315,0.004603407424122757,final
Czechia,2013,17,421.99999999999994,45855,0.00920292225493403,final
Czechia,2013,18,801,50385.5,0.01589743080846672,final
Czechia,2013,19,1334,56638.5,0.023552883639220673,final
Czechia,2013,20,1750,60153.5,0.029092239021835803,final
Czechia,2013,21,2212,62216,0.03555355535553555,final
Czechia,2013,22,2679,64834.5,0.04132059320269301,final
Czechia,2013,23,3080,65476.5,0.04703977763014211,final
Czechia,2013,24,3651,66569.5,0.054844936494941376,final
Czechia,2013,25,4471,67379.5,0.06635549388167024,final
Czechia,2013,26,5450,67439,0.08081377244621064,final
Czechia,2013,27,6459,68945,0.09368337080281383,final
Czechia,2013,28,7235.000000000001,69987.5,0.10337560278621184,final
Czechia,2013,29,8149.000000000001,70253,0.11599504647488365,final
Czechia,2013,30,8333,71378.5,0.11674383743003845,final
Czechia,2013,31,8287,72568.5,0.11419555316700772,final
Czechia,2013,32,7649,74672.5,0.10243396163246175,final
Czechia,2013,33,7155,80721,0.08863864421897648,final
Czechia,2013,34,6417,86312.5,0.07434612599565532,final
Czechia,2013,35,5622,88440.5,0.06356816164540001,final
Czechia,2013,36,4396,90245,0.04871183999113524,final
Czechia,2013,37,3535.0000000000005,92323.5,0.03828927629476786,final
Czechia,2013,38,2681,93588.5,0.028646682017555575,final
Czechia,2013,39,1946.0000000000002,90649.5,0.021467299874792473,final
Czechia,2013,40,1215,83472.5,0.014555691994369404,final
Czechia,2013,41,695,77319,0.008988734981052522,final
Czechia,2013,42,411,73676,0.005578478744774418,final
Czechia,2013,43,210.99999999999997,70706,0.002984188046276129,final
Czechia,2013,44,124,67661,0.0018326657897459392,final
Czechia,2013,45,59.99999999999999,66158.5,9.069129439149919e-4,final
Czechia,2013,46,23,66699,3.4483275611328504e-4,final
Czechia,2013,47,14.999999999999998,68523,2.1890460137472087e-4,final
Czechia,2013,48,7.000000000000001,71338.5,9.812373402861009e-5,final
Czechia,2013,49,6,71864,8.349103862852054e-5,final
Czechia,2013,50,0,67306,0,final
Czechia,2013,51,0.08341319230112895,63127.5,1.3213447752743091e-6,final
Czechia,2013,52,0.06849776904024381,61744.5,1.1093744226650764e-6,final
Czechia,2013,53,0.009113360966731175,60790,1.499154625223092e-7,final
Czechia,2013,54,0,63376,0,final
Czechia,2014,12,0.11365796904093964,45019.5,2.5246386352789267e-6,final
Czechia,2014,13,1.4510676136094671,44212.5,3.2820302258625214e-5,final
Czechia,2014,14,8.21143490501507,43754.5,1.8767063742049548e-4,final
Czechia,2014,15,61.99999999999999,43819.5,0.0014148951950615591,final
Czechia,2014,16,230,44179,0.005206093392788429,final
Czechia,2014,17,412,44602.5,0.009237150383947089,final
Czechia,2014,18,771,46543.5,0.016565148731831514,final
Czechia,2014,19,1253,50755.5,0.024686979736186228,final
Czechia,2014,20,1813,56790,0.03192463461877091,final
Czechia,2014,21,2180,60337.5,0.0361301015123265,final
Czechia,2014,22,2555,62387,0.04095404491320307,final
Czechia,2014,23,3180,65063,0.048875705085839875,final
Czechia,2014,24,3611,65655,0.05499961922168913,final
Czechia,2014,25,4573,66798.5,0.06845962109927618,final
Czechia,2014,26,5429,67636.5,0.08026731128902294,final
Czechia,2014,27,6641,67678,0.09812642217559621,final
Czechia,2014,28,7517.999999999999,69171,0.10868716658715356,final
Czechia,2014,29,8482,70122.5,0.12095974901065992,final
Czechia,2014,30,8794,70349,0.12500533056617721,final
Czechia,2014,31,8380,71512.5,0.11718231078482783,final
Czechia,2014,32,7903.000000000001,72644.5,0.10879006669465686,final
Czechia,2014,33,7046.000000000001,74720.5,0.0942980841937621,final
Czechia,2014,34,6497,80731.5,0.08047664170738807,final
Czechia,2014,35,5902,86282.5,0.0684032103844928,final
Czechia,2014,36,4890,88384,0.05532675597393193,final
Czechia,2014,37,3687,90195.5,0.04087787084721522,final
Czechia,2014,38,2841,92245.5,0.030798250321153877,final
Czechia,2014,39,2129,93486.5,0.02277334160547245,final
Czechia,2014,40,1395,90550.5,0.015405768052081435,final
Czechia,2014,41,765,83384.5,0.009174366938699639,final
Czechia,2014,42,411,77235,0.005321421635268984,final
Czechia,2014,43,242.00000000000003,73592,0.0032884009131427332,final
Czechia,2014,44,122,70626.5,0.0017273969402419771,final
Czechia,2014,45,75,67579.5,0.0011098040086120792,final
Czechia,2014,46,30.999999999999996,66076.5,4.6915317851278435e-4,final
Czechia,2014,47,13.999999999999998,66618,2.1015341199075323e-4,final
Czechia,2014,48,12,68388.5,1.7546809770648575e-4,final
Czechia,2014,49,3.9999999999999996,71203,5.617740825527014e-5,final
Czechia,2014,50,0,71710.5,0,final
Czechia,2014,51,0.12843636756310567,67124,1.9134194559785722e-6,final
Czechia,2014,52,0.08426658773951723,62948,1.3386698185727463e-6,final
Czechia,2014,53,0.011136557031900886,61561.5,1.8090132683415588e-7,final
Czechia,2014,54,0,60595,0,final
Czechia,2015,12,0.268869329867934,45738,5.878467136034239e-6,final
Czechia,2015,13,3.4435648990187833,45061,7.642007276844241e-5,final
Czechia,2015,14,21.25194883887902,44269,4.800639011244668e-4,final
Czechia,2015,15,66,43822,0.0015060928300853452,final
Czechia,2015,16,177,43911,0.004030880644940903,final
Czechia,2015,17,447.00000000000006,44531.5,0.010037838384065214,final
Czechia,2015,18,752,45265.5,0.01661309385735273,final
Czechia,2015,19,1164,46953,0.024790748195003515,final
Czechia,2015,20,1577,50998.5,0.030922478112101335,final
Czechia,2015,21,2314,57048.5,0.04056197796611655,final
Czechia,2015,22,2500,60586,0.04126365827088766,final
Czechia,2015,23,3101,62664.5,0.04948575349679643,final
Czechia,2015,24,3995.0000000000005,65378,0.06110618250787728,final
Czechia,2015,25,4662,65967.5,0.07067116383067419,final
Czechia,2015,26,5684,67180,0.08460851443882107,final
Czechia,2015,27,6600,68006,0.09705026027115254,final
Czechia,2015,28,7582,68015.5,0.11147459035072887,final
Czechia,2015,29,8315,69430,0.11976091026933602,final
Czechia,2015,30,8733,70370,0.124101179479892,final
Czechia,2015,31,8453,70581,0.11976310905201117,final
Czechia,2015,32,7744,71659.5,0.10806662061554993,final
Czechia,2015,33,7056.999999999999,72789.5,0.09695079647476626,final
Czechia,2015,34,6298,74819.5,0.08417591670620626,final
Czechia,2015,35,5751,80785,0.07118895834622764,final
Czechia,2015,36,4927,86316,0.057080958339126,final
Czechia,2015,37,3958,88439.5,0.044753758218895406,final
Czechia,2015,38,2993,90178.5,0.033189729259191496,final
Czechia,2015,39,2218,92233.5,0.02404766164137759,final
Czechia,2015,40,1656,93472.5,0.017716440664366524,final
Czechia,2015,41,966,90511,0.010672735910552308,final
Czechia,2015,42,500.00000000000006,83364,0.005997792812245094,final
Czechia,2015,43,263,77206.5,0.0034064489388846795,final
Czechia,2015,44,146,73556.5,0.001984868774343532,final
Czechia,2015,45,69,70596.5,9.773855644401635e-4,final
Czechia,2015,46,35,67549,5.18142385527543e-4,final
Czechia,2015,47,14.000000000000002,66037,2.120023623120372e-4,final
Czechia,2015,48,11,66532.5,1.6533273212339833e-4,final
Czechia,2015,49,10,68329.5,1.4634967327435442e-4,final
Czechia,2015,50,0,71106.5,0,final
Czechia,2015,51,0.6357376548754821,71586.5,8.880691958336866e-6,final
Czechia,2015,52,0.3549246508643665,67013.5,5.296315680636983e-6,final
Czechia,2015,53,0.04495462649441228,62810.5,7.157183352212175e-7,final
Czechia,2015,54,0,61406,0,final
Czechia,2016,12,0.1420126432376569,46880.5,3.0292476240154623e-6,final
Czechia,2016,13,1.802885501285061,45781.5,3.938021911219731e-5,final
Czechia,2016,14,19.26195361939592,45128.5,4.268245924281977e-4,final
Czechia,2016,15,47,44346.5,0.0010598356127315572,final
Czechia,2016,16,223.00000000000003,43916.5,0.005077818132137125,final
Czechia,2016,17,417,44233,0.009427350620577398,final
Czechia,2016,18,744,45034,0.01652085091264378,final
Czechia,2016,19,1192,45614.5,0.026132041346501662,final
Czechia,2016,20,1631,47135.5,0.03460236976376616,final
Czechia,2016,21,2039,51238.5,0.03979429530528802,final
Czechia,2016,22,2752,57264,0.04805811679240011,final
Czechia,2016,23,3360,60811.5,0.05525270713598579,final
Czechia,2016,24,4010,62995,0.06365584570203985,final
Czechia,2016,25,5024,65730.5,0.0764333148234077,final
Czechia,2016,26,5580,66318,0.08414005247444133,final
Czechia,2016,27,6840,67542.5,0.10126957101084502,final
Czechia,2016,28,7581,68340,0.11093064091308165,final
Czechia,2016,29,8383,68304,0.1227307331927852,final
Czechia,2016,30,8620,69712.5,0.12365070826609288,final
Czechia,2016,31,8694,70596,0.12315145334013258,final
Czechia,2016,32,7992.999999999999,70754.5,0.11296807976877794,final
Czechia,2016,33,7230.000000000001,71821,0.10066693585441586,final
Czechia,2016,34,6325,72881.5,0.08678471216975502,final
Czechia,2016,35,5503,74903.5,0.07346786198241738,final
Czechia,2016,36,4734,80842.5,0.058558307820762594,final
Czechia,2016,37,4106,86357,0.047546811491830425,final
Czechia,2016,38,3174,88443.5,0.03588731789221367,final
Czechia,2016,39,2498,90182,0.027699540928344903,final
Czechia,2016,40,1672,92192.5,0.018135965506955554,final
Czechia,2016,41,1019,93420.5,0.010907670158048822,final
Czechia,2016,42,594,90458,0.006566583386765129,final
Czechia,2016,43,320,83318,0.0038407066900309657,final
Czechia,2016,44,175,77172.5,0.0022676471541028215,final
Czechia,2016,45,73,73505.5,9.931229635877588e-4,final
Czechia,2016,46,50,70539,7.088277406824594e-4,final
Czechia,2016,47,16,67473,2.371318897929542e-4,final
Czechia,2016,48,16,65935.5,2.4266138878146067e-4,final
Czechia,2016,49,5,66457,7.52366191672811e-5,final
Czechia,2016,50,0,68205.5,0,final
Czechia,2016,51,1.116426237257158,70984.5,1.572774672297696e-5,final
Czechia,2016,52,0.6007546690090618,71443.5,8.408807925270484e-6,final
Czechia,2016,53,0.075967329815145,66853.5,1.1363253953068275e-6,final
Czechia,2016,54,0,62642,0,final
Spain,2012,12,2.6468563693939196,216414.5,1.2230494580510638e-5,final
Spain,2012,13,33.5104054841076,210762,1.5899642954663365e-4,final
Spain,2012,14,150.24690576943246,208004.5,7.223252658929613e-4,final
Spain,2012,15,379,208310,0.001819403773222601,final
Spain,2012,16,896,206632.5,0.004336200742864748,final
Spain,2012,17,1677,207116,0.008096911875470751,final
Spain,2012,18,2699,213594.5,0.012636093157829438,final
Spain,2012,19,3865.9999999999995,223531.5,0.017295101585235187,final
Spain,2012,20,4963,229330,0.02164130292591462,final
Spain,2012,21,5951,233482,0.025488046187714684,final
Spain,2012,22,7054,241833,0.02916888927483015,final
Spain,2012,23,8258,251353,0.032854193106905426,final
Spain,2012,24,9451,260670,0.036256569609084285,final
Spain,2012,25,11477,270656.5,0.04240430213203821,final
Spain,2012,26,13720,282404.5,0.04858279524582647,final
Spain,2012,27,16556,295501,0.05602688315775581,final
Spain,2012,28,19895,308187,0.06455496176022998,final
Spain,2012,29,24107,323948,0.07441626433872103,final
Spain,2012,30,28741,341073.5,0.08426629450836844,final
Spain,2012,31,32703.999999999996,357271,0.09153835603785361,final
Spain,2012,32,35485,371656.5,0.09547794805149379,final
Spain,2012,33,36232,384879.5,0.09413855505424425,final
Spain,2012,34,36460,394760.5,0.09235979790277903,final
Spain,2012,35,34809,400639.5,0.0868835948527292,final
Spain,2012,36,30161,402637.5,0.07490857160597311,final
Spain,2012,37,25064,399738,0.06270106920032621,final
Spain,2012,38,19670,393342.5,0.0500073091516935,final
Spain,2012,39,14713,387477,0.03797128603762288,final
Spain,2012,40,10966,383932,0.02856234958273861,final
Spain,2012,41,7202.000000000001,378610,0.019022212831145507,final
Spain,2012,42,4471,375040,0.01192139505119454,final
Spain,2012,43,2377,372815,0.0063758164236953985,final
Spain,2012,44,1451,373001,0.003890069999812333,final
Spain,2012,45,789,369511.5,0.0021352515415623058,final
Spain,2012,46,429,364110,0.0011782153744747466,final
Spain,2012,47,205,365953.5,5.60180460085776e-4,final
Spain,2012,48,120,359576,3.337263888579883e-4,final
Spain,2012,49,83,345463.5,2.4025693018220448e-4,final
Spain,2012,50,32.702475364694664,336450,9.719861900637438e-5,final
Spain,2012,51,32.32837259622523,333650.5,9.689292417132667e-5,final
Spain,2012,52,13.75209370784408,330056,4.166594065202293e-5,final
Spain,2012,53,1.8128907083020354,321975,5.63053252054363e-6,final
Spain,2012,54,0,314825.5,0,final
Spain,2013,12,2.499056931234317,218946,1.1414033283249372e-5,final
Spain,2013,13,32.06922745466514,216125.5,1.483824326822385e-4,final
Spain,2013,14,129.25733060745566,210484,6.140957536318944e-4,final
Spain,2013,15,391,207811,0.0018815173402755387,final
Spain,2013,16,854.9999999999999,208164.5,0.004107328579080486,final
Spain,2013,17,1581,206523,0.007655321683299196,final
Spain,2013,18,2397,207670.5,0.011542323055031889,final
Spain,2013,19,3529,214560,0.016447613721103652,final
Spain,2013,20,4469,224839,0.019876444922811435,final
Spain,2013,21,5243,230530,0.022743243829436516,final
Spain,2013,22,6240,234693,0.026587925502677967,final
Spain,2013,23,7402,242725.5,0.030495353805018426,final
Spain,2013,24,8670,251610.5,0.03445802142597388,final
Spain,2013,25,10671,260061,0.04103268079412138,final
Spain,2013,26,12620,269241.5,0.046872417513644814,final
Spain,2013,27,15009.999999999998,280473.5,0.05351664239224026,final
Spain,2013,28,18328,292708.5,0.06261519566394554,final
Spain,2013,29,21983,305398.5,0.07198136205646066,final
Spain,2013,30,26005,320749.5,0.08107573043761565,final
Spain,2013,31,29635.000000000004,337565.5,0.08779036957271998,final
Spain,2013,32,32697,353768.5,0.0924248484531551,final
Spain,2013,33,33575,368134.5,0.09120307930932851,final
Spain,2013,34,33531,381619,0.08786512201960595,final
Spain,2013,35,32475,391440.5,0.08296280022123413,final
Spain,2013,36,29183,397723,0.0733751882591653,final
Spain,2013,37,24400,399858,0.06102166269025504,final
Spain,2013,38,19691,397142.5,0.04958169926411804,final
Spain,2013,39,14744,391082,0.03770053339197406,final
Spain,2013,40,10952,385417.5,0.028415938560132845,final
Spain,2013,41,7450,381798.5,0.01951291060598719,final
Spain,2013,42,4736,376632.5,0.012574591943074483,final
Spain,2013,43,2620,373311,0.007018276986212568,final
Spain,2013,44,1482,371041,0.003994167760436178,final
Spain,2013,45,774,371274,0.002084713715476979,final
Spain,2013,46,448.99999999999994,367958,0.001220247963082743,final
Spain,2013,47,208.99999999999997,362585.5,5.764157695219472e-4,final
Spain,2013,48,135,364474.5,3.7039628286752573e-4,final
Spain,2013,49,87,358141.5,2.4292074501279523e-4,final
Spain,2013,50,23.305457547577834,343963,6.775571078161848e-5,final
Spain,2013,51,22.820346128492137,335077.5,6.810468064400665e-5,final
Spain,2013,52,9.746550261600332,332371,2.9324310067967215e-5,final
Spain,2013,53,1.3020310689745733,328568,3.962744603779349e-6,final
Spain,2013,54,0,320596,0,final
Spain,2014,12,2.837799789304576,220076,1.2894635440959377e-5,final
Spain,2014,13,36.66006750114784,218696,1.676302607324681e-4,final
Spain,2014,14,148.89742150101512,215962.5,6.894596122058928e-4,final
Spain,2014,15,375,210317.5,0.0017830185315059375,final
Spain,2014,16,877.9999999999999,207639.5,0.0042284825382453714,final
Spain,2014,17,1489,208061,0.007156555048759739,final
Spain,2014,18,2309,207131,0.011147534651983527,final
Spain,2014,19,3365,208677.5,0.016125360903786943,final
Spain,2014,20,4245,215935,0.019658693588348347,final
Spain,2014,21,4978,226033,0.02202333287617295,final
Spain,2014,22,5884,231660.5,0.025399237245883523,final
Spain,2014,23,7046.999999999999,235675,0.029901347194229336,final
Spain,2014,24,8598,243003.5,0.035382206429125505,final
Spain,2014,25,10443,251007,0.04160441740668587,final
Spain,2014,26,12398,258805.5,0.04790470063426009,final
Spain,2014,27,15151,267515,0.05663607648169262,final
Spain,2014,28,18154,278022.5,0.06529687345448659,final
Spain,2014,29,21710,290054,0.07484813172719562,final
Spain,2014,30,25931,302386.5,0.08575448970109446,final
Spain,2014,31,28896.000000000004,317467,0.09102048401881141,final
Spain,2014,32,31644.999999999996,334221.5,0.09468271789816034,final
Spain,2014,33,33473,350429.5,0.09551992626191573,final
Spain,2014,34,33842,364983.5,0.09272199976163306,final
Spain,2014,35,32548.999999999996,378519.5,0.08599028583732145,final
Spain,2014,36,29815,388746,0.07669532291007496,final
Spain,2014,37,25391,394978,0.06428459306594292,final
Spain,2014,38,20648,397477,0.05194765986459594,final
Spain,2014,39,15868,394871.5,0.04018522481364191,final
Spain,2014,40,11548,389033.5,0.0296838190027337,final
Spain,2014,41,7609,383369.5,0.019847692630738753,final
Spain,2014,42,4958,379896.5,0.01305092308036531,final
Spain,2014,43,3095,374909,0.008255336628355148,final
Spain,2014,44,1609,371593.5,0.004330000390211346,final
Spain,2014,45,917.9999999999999,369320,0.0024856493014188234,final
Spain,2014,46,496.00000000000006,369603,0.00134198044929289,final
Spain,2014,47,249,366514.5,6.793728488231707e-4,final
Spain,2014,48,155,361217.5,4.291043484880993e-4,final
Spain,2014,49,101,363126,2.7814037000930804e-4,final
Spain,2014,50,28.33182455972972,356711.5,7.942503832853642e-5,final
Spain,2014,51,26.647345780845832,342618,7.777567372655795e-5,final
Spain,2014,52,11.133881232029596,333842,3.335075045090071e-5,final
Spain,2014,53,1.4916596359273073,330975.5,4.506858169040631e-6,final
Spain,2014,54,0,327162,0,final
Spain,2015,12,2.437926852487499,225265.5,1.0822459952755744e-5,final
Spain,2015,13,30.99240302499532,220285.5,1.4069197938582122e-4,final
Spain,2015,14,124.14652656389012,218943,5.67026699021618e-4,final
Spain,2015,15,390,216231,0.0018036266770259583,final
Spain,2015,16,806,210564,0.0038278148211470147,final
Spain,2015,17,1493,207926,0.007180439194713504,final
Spain,2015,18,2217,209324.5,0.010591211253341105,final
Spain,2015,19,3220,208712.5,0.015427921183446129,final
Spain,2015,20,4020.9999999999995,210691.5,0.019084775607938618,final
Spain,2015,21,4737,217915.5,0.021737783682207093,final
Spain,2015,22,5728,228056,0.02511663801873224,final
Spain,2015,23,6732.000000000001,233584.5,0.028820405463547458,final
Spain,2015,24,8268,237133.5,0.034866435994914256,final
Spain,2015,25,10007,244157,0.04098592299217307,final
Spain,2015,26,11964,251573.5,0.04755667826698758,final
Spain,2015,27,14594,258827.5,0.05638504409307357,final
Spain,2015,28,17493,267260,0.06545311681508643,final
Spain,2015,29,20676,277317,0.07455727560877984,final
Spain,2015,30,24659,289025,0.08531787907620449,final
Spain,2015,31,27677,301104.5,0.09191825429377508,final
Spain,2015,32,30431,316145,0.09625646459694127,final
Spain,2015,33,32368,332841.5,0.0972474886695319,final
Spain,2015,34,33076,348913,0.09479727037972216,final
Spain,2015,35,32014,363478,0.08807685747142881,final
Spain,2015,36,29573,377137,0.07841447537632214,final
Spain,2015,37,25590,387343,0.0660654768512662,final
Spain,2015,38,21256,393753,0.0539830807638291,final
Spain,2015,39,16729,396338,0.042208922687201327,final
Spain,2015,40,12087,393631,0.03070642302054462,final
Spain,2015,41,8250,387867.5,0.02127015024460673,final
Spain,2015,42,5167,382280,0.013516270796274982,final
Spain,2015,43,3065,378967,0.008087775452743907,final
Spain,2015,44,1915.9999999999998,373970.5,0.005123398770758655,final
Spain,2015,45,1003.9999999999999,370647,0.002708776814597177,final
Spain,2015,46,488.00000000000006,368366,0.0013247693869683956,final
Spain,2015,47,274,368780.5,7.42989393419663e-4,final
Spain,2015,48,140,365750,3.827751196172249e-4,final
Spain,2015,49,104.00000000000001,360484.5,2.885006151443405e-4,final
Spain,2015,50,25.240700728973174,362371,6.965430657799099e-5,final
Spain,2015,51,24.011407000408614,355856.5,6.747497095151729e-5,final
Spain,2015,52,9.871271898654278,341762.5,2.888342605948364e-5,final
Spain,2015,53,1.2997639305909716,333002.5,3.903165683714001e-6,final
Spain,2015,54,0,330025,0,final
Spain,2016,12,2.7571377460367317,231701.5,1.1899524802544359e-5,final
Spain,2016,13,34.93048388067766,225804,1.5469382243307321e-4,final
Spain,2016,14,135.31646685671666,220895,6.125827513375887e-4,final
Spain,2016,15,341,219626.5,0.001552635952401008,final
Spain,2016,16,813.0000000000001,216903.5,0.0037482106097873023,final
Spain,2016,17,1394,211281,0.0065978483630804476,final
Spain,2016,18,2182,209684,0.01040613494591862,final
Spain,2016,19,3113,211549,0.014715266912157467,final
Spain,2016,20,3962.9999999999995,211355,0.01875044356651132,final
Spain,2016,21,4649,213269,0.021798761188921035,final
Spain,2016,22,5349,220662,0.02424069391195584,final
Spain,2016,23,6687.000000000001,230948.5,0.028954507173677254,final
Spain,2016,24,7893,236064,0.0334358479056527,final
Spain,2016,25,9637,239600,0.040221202003338896,final
Spain,2016,26,11852,246143,0.04815087164778198,final
Spain,2016,27,13933,253044,0.055061570319786285,final
Spain,2016,28,16800,260030.5,0.06460780562280194,final
Spain,2016,29,20146,268029,0.075163508426327,final
Spain,2016,30,23528,277724.5,0.0847170487299464,final
Spain,2016,31,26705.000000000004,289285.5,0.09231364862739405,final
Spain,2016,32,28801.999999999996,301347.5,0.09557736500219845,final
Spain,2016,33,30686,316106.5,0.09707487824514839,final
Spain,2016,34,31748.999999999996,332612,0.09545356150710135,final
Spain,2016,35,31275,348698,0.08969079260563582,final
Spain,2016,36,28920.000000000004,363271.5,0.07960987856190206,final
Spain,2016,37,25285,376800,0.06710456475583865,final
Spain,2016,38,21344,387068.5,0.05514269438096874,final
Spain,2016,39,17230,393462,0.04379075997173806,final
Spain,2016,40,12802,395823,0.03234273905255632,final
Spain,2016,41,8518,393159,0.021665534809072157,final
Spain,2016,42,5343,387439.5,0.013790540200470009,final
Spain,2016,43,3185,381809,0.00834186726871289,final
Spain,2016,44,2019,378583,0.0053330445371292425,final
Spain,2016,45,1207,373687.5,0.0032299715671516975,final
Spain,2016,46,559,370302,0.0015095786682221537,final
Spain,2016,47,275,367959.5,7.473648594478468e-4,final
Spain,2016,48,195,368404.5,5.293094954051864e-4,final
Spain,2016,49,112,365317.5,3.0658263017785897e-4,final
Spain,2016,50,29.824905124815874,360153.5,8.281164871316224e-5,final
Spain,2016,51,27.328280195103947,361965,7.549978642991434e-5,final
Spain,2016,52,11.367178913106033,355325,3.1990934814904756e-5,final
Spain,2016,53,1.4755472835430847,341317,4.323099299311446e-6,final
Spain,2016,54,0,332462,0,final
