ccaa;sexo;edad;Deaths_Low;Deaths_High;Pop_Low;Pop_High
1;1;35;97;67;137849;128088
1;1;36;127;63;139878;135472
1;1;37;135;88;140183;141790
1;1;38;158;65;137815;148377
1;1;39;145;89;137137;150635
1;1;40;202;102;135220;151262
1;1;41;205;113;134760;149187
1;1;42;211;109;135196;145527
1;1;43;283;116;136111;141412
1;1;44;292;117;138293;136971
1;1;45;356;145;140637;132338
1;1;46;369;171;142965;128807
1;1;47;453;195;143324;127432
1;1;48;519;239;145797;123030
1;1;49;582;284;147453;120113
1;1;50;683;291;146645;117797
1;1;51;710;301;145027;113028
1;1;52;769;349;144096;106375
1;1;53;839;373;139758;102223
1;1;54;827;373;135647;98083
1;1;55;909;376;133732;93958
1;1;56;978;415;133227;89635
1;1;57;1007;456;128272;86877
1;1;58;1063;450;124269;80972
1;1;59;1074;520;119172;75256
1;1;60;1178;511;113633;70310
1;1;61;1205;429;111467;65644
1;1;62;1299;469;110591;61054
1;1;63;1393;492;109285;55516
1;1;64;1428;529;108263;50395
1;1;65;1589;530;105724;49456
1;1;66;1677;531;103874;49264
1;1;67;1815;577;106124;44529
1;1;68;2021;621;107518;40721
1;1;69;2152;600;104031;39474
1;1;70;2278;674;100219;37818
1;1;71;2456;683;100058;32684
1;1;72;2489;626;92633;30484
1;1;73;2604;650;88258;26590
1;1;74;2707;683;80128;26188
1;1;75;2700;644;73853;22712
1;1;76;2960;632;73829;18621
1;1;77;3266;603;70793;17544
1;1;78;3472;570;69266;16024
1;1;79;4023;662;69914;14018
1;1;80;4298;726;67449;13550
1;1;81;4511;699;64233;12173
1;1;82;4802;711;59389;11050
1;1;83;4782;712;55050;9087
1;1;84;4934;745;48985;7900
1;1;85;4733;663;41859;6889
1;1;86;4444;595;35678;5284
1;1;87;4017;602;29435;4499
1;1;88;3630;531;24215;3616
1;1;89;3357;475;19231;3022
1;1;90;2990;424;15303;2301
1;1;91;2520;364;12110;1632
1;1;92;2063;316;9034;1387
1;1;93;1745;240;6644;1077
1;1;94;1240;218;4730;784
1;1;95;867;142;3284;584
1;1;96;645;103;2237;384
1;1;97;436;68;1568;213
1;1;98;261;49;1048;180
1;1;99;194;36;757;143
1;1;100;312;61;1171;200
1;6;35;43;45;102304;157534
1;6;36;61;38;103491;164066
1;6;37;44;59;103817;169475
1;6;38;68;69;102905;174094
1;6;39;85;71;102315;176169
1;6;40;81;78;102417;175088
1;6;41;101;77;104999;170056
1;6;42;104;81;107809;164574
1;6;43;122;103;112438;157494
1;6;44;129;95;117001;151288
1;6;45;159;112;124248;143239
1;6;46;182;137;130169;137696
1;6;47;178;122;134666;133513
1;6;48;234;147;137994;129332
1;6;49;247;166;141102;125961
1;6;50;283;169;141485;123170
1;6;51;297;173;141211;118009
1;6;52;326;195;140408;111963
1;6;53;327;177;137092;106994
1;6;54;343;191;136026;100195
1;6;55;391;217;136638;94107
1;6;56;403;201;139435;87215
1;6;57;447;234;138251;81474
1;6;58;450;211;136074;74492
1;6;59;487;204;132720;68188
1;6;60;498;207;128285;62891
1;6;61;546;196;127423;57123
1;6;62;593;203;126793;52412
1;6;63;636;199;126681;46038
1;6;64;663;197;125875;41556
1;6;65;700;176;126177;39448
1;6;66;816;176;126598;38582
1;6;67;937;213;130199;34016
1;6;68;1034;193;133588;29703
1;6;69;1111;203;131464;28006
1;6;70;1233;207;128475;26685
1;6;71;1379;208;128141;23219
1;6;72;1438;205;121245;21111
1;6;73;1620;183;116905;18326
1;6;74;1795;244;110869;17363
1;6;75;1846;185;103856;15963
1;6;76;2090;189;105391;12629
1;6;77;2537;244;103059;13128
1;6;78;2957;206;103787;11418
1;6;79;3456;255;106898;9624
1;6;80;4064;286;105747;9735
1;6;81;4520;337;103228;8624
1;6;82;5042;327;97480;8293
1;6;83;5498;351;92402;6955
1;6;84;5968;387;85160;6597
1;6;85;6190;415;76686;5834
1;6;86;6196;414;67717;5191
1;6;87;6360;405;58621;4582
1;6;88;6183;436;49956;3859
1;6;89;6060;394;42262;3010
1;6;90;5686;408;34854;2627
1;6;91;5220;355;28500;2152
1;6;92;4545;302;22690;1632
1;6;93;3925;261;17501;1354
1;6;94;3156;236;13166;995
1;6;95;2460;182;9490;696
1;6;96;1895;162;6690;481
1;6;97;1414;96;4617;387
1;6;98;973;74;3321;257
1;6;99;730;62;2404;180
1;6;100;1440;105;4256;298
2;1;35;14;12;15126;24568
2;1;36;12;18;15456;26197
2;1;37;14;12;15175;28100
2;1;38;20;15;15808;28801
2;1;39;17;17;15871;29652
2;1;40;22;22;15895;29784
2;1;41;17;27;16065;29270
2;1;42;18;20;16135;28585
2;1;43;24;27;16156;27966
2;1;44;36;28;16048;27723
2;1;45;39;31;16190;27068
2;1;46;41;28;16255;26521
2;1;47;52;42;15868;26535
2;1;48;49;44;16950;25001
2;1;49;55;64;16755;25053
2;1;50;60;68;16758;24960
2;1;51;64;60;17088;24242
2;1;52;75;66;17941;22828
2;1;53;88;73;17671;22231
2;1;54;111;75;17696;21317
2;1;55;118;101;17299;20965
2;1;56;114;80;17173;20384
2;1;57;131;86;17062;19543
2;1;58;119;83;17023;18331
2;1;59;150;105;16198;17647
2;1;60;168;110;16169;15992
2;1;61;174;94;16262;14687
2;1;62;188;99;16175;13676
2;1;63;198;120;16137;12699
2;1;64;202;112;16356;11830
2;1;65;235;93;15963;11739
2;1;66;245;136;16301;11048
2;1;67;242;112;17190;9773
2;1;68;284;151;17436;9006
2;1;69;322;141;17180;8510
2;1;70;356;122;17094;7692
2;1;71;345;141;16591;7216
2;1;72;327;155;15763;6593
2;1;73;386;113;15306;5844
2;1;74;397;160;14455;5215
2;1;75;452;107;12930;4910
2;1;76;450;123;13157;3739
2;1;77;508;117;12911;3575
2;1;78;552;119;13511;3333
2;1;79;705;135;14563;3023
2;1;80;758;130;14916;2939
2;1;81;881;147;14783;2772
2;1;82;926;168;14078;2664
2;1;83;973;157;13289;2395
2;1;84;1076;168;12433;2017
2;1;85;1054;171;11204;1727
2;1;86;1066;146;10006;1339
2;1;87;1026;135;8561;1237
2;1;88;1018;124;7243;1029
2;1;89;978;114;6146;812
2;1;90;892;119;5039;705
2;1;91;798;100;4127;483
2;1;92;705;68;3274;390
2;1;93;571;68;2597;235
2;1;94;491;56;1811;189
2;1;95;371;35;1182;122
2;1;96;232;35;741;101
2;1;97;153;21;468;69
2;1;98;120;11;310;46
2;1;99;76;6;205;28
2;1;100;133;24;357;48
2;6;35;6;8;10766;26940
2;6;36;3;11;10601;28794
2;6;37;1;8;10756;29985
2;6;38;6;21;10459;31193
2;6;39;6;14;10352;31732
2;6;40;9;7;10125;31866
2;6;41;7;13;10922;30748
2;6;42;4;13;11073;30323
2;6;43;13;16;11376;29737
2;6;44;17;27;11875;29022
2;6;45;18;26;12288;28392
2;6;46;17;29;12830;27792
2;6;47;13;25;13758;26741
2;6;48;31;29;14009;26216
2;6;49;24;19;14656;25442
2;6;50;34;34;14317;25419
2;6;51;31;38;14855;24419
2;6;52;36;39;15629;23265
2;6;53;45;39;16220;22261
2;6;54;40;39;16577;21396
2;6;55;35;48;17121;20351
2;6;56;65;41;17972;18927
2;6;57;57;43;18023;17976
2;6;58;55;44;17762;17117
2;6;59;57;66;18095;15526
2;6;60;59;38;18365;13999
2;6;61;63;48;18273;13224
2;6;62;80;41;18980;11721
2;6;63;89;42;19126;10799
2;6;64;94;36;19753;9719
2;6;65;106;41;19975;9290
2;6;66;127;48;20623;8516
2;6;67;139;38;21436;7533
2;6;68;131;50;21840;6871
2;6;69;148;45;21522;6549
2;6;70;185;39;21833;5602
2;6;71;182;33;21744;5037
2;6;72;197;43;20513;4912
2;6;73;202;42;20145;4221
2;6;74;229;37;19244;3780
2;6;75;246;28;18186;3087
2;6;76;259;44;17873;2780
2;6;77;318;47;17864;2933
2;6;78;401;31;19079;2673
2;6;79;499;44;20788;2413
2;6;80;611;57;21746;2366
2;6;81;740;70;21770;2426
2;6;82;860;86;21274;2207
2;6;83;902;79;20676;2003
2;6;84;1041;73;19661;1925
2;6;85;1154;81;18453;1646
2;6;86;1251;111;16996;1450
2;6;87;1331;96;15342;1325
2;6;88;1314;114;13664;1070
2;6;89;1345;101;11828;1023
2;6;90;1370;95;10420;767
2;6;91;1262;92;8860;682
2;6;92;1271;99;7441;533
2;6;93;1082;81;6033;425
2;6;94;962;71;4665;340
2;6;95;852;54;3429;281
2;6;96;626;42;2527;156
2;6;97;488;31;1755;149
2;6;98;346;32;1230;82
2;6;99;280;23;836;76
2;6;100;590;34;1447;102
3;1;35;9;12;9955;19256
3;1;36;13;6;10335;20747
3;1;37;16;10;10594;22052
3;1;38;13;19;10585;23370
3;1;39;16;16;11123;23542
3;1;40;17;10;10602;24127
3;1;41;25;21;10986;23424
3;1;42;23;21;11466;22561
3;1;43;26;21;11516;22036
3;1;44;35;22;11720;21484
3;1;45;43;25;11714;21139
3;1;46;36;40;12051;20450
3;1;47;51;44;12047;20296
3;1;48;49;37;12499;19726
3;1;49;55;45;12797;19515
3;1;50;69;56;12882;19477
3;1;51;81;67;13244;19012
3;1;52;96;62;13825;18552
3;1;53;89;62;14102;18283
3;1;54;130;81;14334;18118
3;1;55;134;97;14205;18234
3;1;56;126;72;14457;17987
3;1;57;128;88;14180;18080
3;1;58;133;107;14262;17364
3;1;59;186;129;14442;16367
3;1;60;142;123;14682;15181
3;1;61;192;123;15006;14019
3;1;62;196;119;15071;13187
3;1;63;190;105;14948;12631
3;1;64;225;112;15290;11714
3;1;65;242;130;15537;11002
3;1;66;258;124;15699;10355
3;1;67;274;119;15850;9600
3;1;68;349;130;15856;8999
3;1;69;326;119;15679;8146
3;1;70;362;130;15179;7452
3;1;71;308;123;14729;6467
3;1;72;344;121;13396;5926
3;1;73;360;105;12513;5183
3;1;74;367;88;11506;4563
3;1;75;384;93;10751;3936
3;1;76;377;109;10597;3514
3;1;77;487;105;10740;3226
3;1;78;525;114;11076;3355
3;1;79;643;147;11983;3120
3;1;80;700;147;12388;2963
3;1;81;837;153;12286;2743
3;1;82;867;152;11714;2528
3;1;83;878;169;10766;2379
3;1;84;902;168;9846;1981
3;1;85;905;162;8645;1804
3;1;86;917;171;7563;1481
3;1;87;852;156;6503;1243
3;1;88;866;147;5547;956
3;1;89;794;110;4468;861
3;1;90;684;121;3682;646
3;1;91;608;90;2862;516
3;1;92;530;88;2156;403
3;1;93;382;68;1634;263
3;1;94;348;38;1204;179
3;1;95;260;36;862;125
3;1;96;212;32;534;105
3;1;97;114;17;374;35
3;1;98;84;16;228;37
3;1;99;49;6;160;13
3;1;100;102;25;213;49
3;6;35;2;9;6448;22793
3;6;36;2;8;6554;24200
3;6;37;4;16;6750;25361
3;6;38;5;5;6978;26185
3;6;39;10;19;7109;26805
3;6;40;9;12;7286;26885
3;6;41;12;15;7687;26461
3;6;42;5;19;7770;26251
3;6;43;9;26;7990;25637
3;6;44;16;16;8909;24321
3;6;45;24;21;9248;23577
3;6;46;17;23;9861;22709
3;6;47;22;17;10492;22135
3;6;48;21;20;10893;21852
3;6;49;25;24;11487;21632
3;6;50;39;31;11797;21626
3;6;51;28;38;12764;20794
3;6;52;41;31;12536;21199
3;6;53;36;33;13267;20590
3;6;54;36;43;14098;19977
3;6;55;49;48;14497;19898
3;6;56;48;42;15418;19210
3;6;57;57;47;16015;18658
3;6;58;78;49;16227;18033
3;6;59;91;48;16904;16536
3;6;60;85;46;17196;15348
3;6;61;77;48;17928;13821
3;6;62;96;56;18718;12117
3;6;63;101;34;19315;10631
3;6;64;120;36;19520;9884
3;6;65;118;41;20308;8882
3;6;66;117;36;21091;8005
3;6;67;161;31;21937;7065
3;6;68;155;40;22159;6581
3;6;69;166;42;22042;5919
3;6;70;213;32;22026;4977
3;6;71;204;36;21105;4418
3;6;72;193;36;19668;3705
3;6;73;201;43;18462;3123
3;6;74;235;33;16830;2982
3;6;75;241;22;15926;2699
3;6;76;257;37;16146;2451
3;6;77;324;30;16765;2435
3;6;78;393;41;18181;2295
3;6;79;476;44;19602;2202
3;6;80;655;52;20360;2315
3;6;81;737;76;20483;2342
3;6;82;790;77;20245;2100
3;6;83;949;86;19664;1990
3;6;84;1040;100;18727;1895
3;6;85;1126;82;17553;1635
3;6;86;1233;90;16109;1497
3;6;87;1315;106;14247;1534
3;6;88;1292;107;12738;1214
3;6;89;1398;117;11163;1054
3;6;90;1339;91;9611;854
3;6;91;1273;98;8128;704
3;6;92;1198;87;6675;519
3;6;93;1048;61;5271;399
3;6;94;942;66;4078;221
3;6;95;758;51;2874;205
3;6;96;588;42;2053;139
3;6;97;435;26;1434;123
3;6;98;360;21;1020;64
3;6;99;235;21;736;20
3;6;100;533;33;1213;65
4;1;35;15;10;20028;21297
4;1;36;20;11;20128;22359
4;1;37;17;12;20231;23276
4;1;38;19;15;20040;24106
4;1;39;23;7;19902;24576
4;1;40;31;19;19576;24915
4;1;41;22;17;19765;24373
4;1;42;29;19;19570;23836
4;1;43;31;24;19138;23349
4;1;44;30;27;18947;22534
4;1;45;53;25;18172;22089
4;1;46;37;30;18288;20839
4;1;47;52;34;17203;20953
4;1;48;46;27;17933;19405
4;1;49;55;32;17858;18826
4;1;50;59;33;17561;18410
4;1;51;77;46;17727;17059
4;1;52;70;41;17061;16378
4;1;53;75;58;16401;15828
4;1;54;106;63;15750;15365
4;1;55;92;50;15228;14893
4;1;56;80;59;15312;13962
4;1;57;129;62;14664;13539
4;1;58;112;82;14211;12638
4;1;59;108;71;13918;11784
4;1;60;127;71;13434;11293
4;1;61;137;80;13389;10732
4;1;62;152;70;13436;10166
4;1;63;158;68;13174;9745
4;1;64;170;69;13440;8749
4;1;65;166;85;13125;8503
4;1;66;206;88;12986;8088
4;1;67;219;88;13035;7552
4;1;68;239;102;12931;7105
4;1;69;208;79;12523;6703
4;1;70;229;98;11978;6340
4;1;71;243;95;11711;5681
4;1;72;256;101;10721;5391
4;1;73;280;93;10287;4728
4;1;74;290;108;9310;4558
4;1;75;261;77;8552;3926
4;1;76;279;97;8227;3390
4;1;77;316;89;7777;3143
4;1;78;327;86;7565;2822
4;1;79;354;95;7678;2524
4;1;80;394;101;7530;2319
4;1;81;428;117;7169;2071
4;1;82;471;119;6479;1953
4;1;83;486;118;5878;1663
4;1;84;497;115;5184;1463
4;1;85;487;94;4555;1190
4;1;86;494;89;3968;932
4;1;87;400;84;3510;769
4;1;88;437;84;2940;678
4;1;89;390;68;2416;604
4;1;90;368;60;2021;488
4;1;91;338;67;1605;404
4;1;92;290;54;1266;301
4;1;93;237;53;963;239
4;1;94;196;33;725;136
4;1;95;135;28;528;84
4;1;96;95;18;355;74
4;1;97;83;9;253;38
4;1;98;56;8;159;35
4;1;99;47;3;110;18
4;1;100;51;10;136;33
4;6;35;11;4;13701;26031
4;6;36;7;7;13582;26913
4;6;37;3;7;13699;27165
4;6;38;8;11;13523;27428
4;6;39;7;14;12787;27944
4;6;40;10;8;12688;27819
4;6;41;13;10;12782;27362
4;6;42;10;18;12925;26795
4;6;43;15;16;13211;25797
4;6;44;10;15;13559;24547
4;6;45;19;19;13582;23701
4;6;46;13;12;14041;22369
4;6;47;21;21;14345;21303
4;6;48;24;15;14558;20619
4;6;49;28;18;14605;20173
4;6;50;28;21;14830;19517
4;6;51;26;33;14965;18634
4;6;52;36;32;14860;17778
4;6;53;39;34;15113;16621
4;6;54;38;21;15175;15659
4;6;55;47;25;15258;14710
4;6;56;47;35;15474;13897
4;6;57;39;29;15458;12996
4;6;58;46;44;15308;12205
4;6;59;52;35;15177;11445
4;6;60;61;33;15011;10581
4;6;61;64;41;15212;9628
4;6;62;65;28;15207;8925
4;6;63;67;40;15339;7983
4;6;64;72;36;14979;7740
4;6;65;80;26;15346;7082
4;6;66;84;36;15469;6843
4;6;67;91;34;15449;6510
4;6;68;103;36;15738;5683
4;6;69;124;38;15073;5463
4;6;70;121;38;14550;5193
4;6;71;157;36;14196;4704
4;6;72;153;41;13484;4241
4;6;73;141;32;13123;3539
4;6;74;158;36;12100;3310
4;6;75;194;47;11280;2902
4;6;76;183;35;11009;2597
4;6;77;220;32;10929;2328
4;6;78;281;49;11009;2092
4;6;79;270;46;11314;1862
4;6;80;348;42;11278;1800
4;6;81;446;48;10963;1770
4;6;82;459;52;10603;1454
4;6;83;531;53;10032;1394
4;6;84;624;57;9520;1175
4;6;85;651;56;8726;1031
4;6;86;591;61;7995;898
4;6;87;686;70;7181;879
4;6;88;672;73;6378;713
4;6;89;687;60;5490;635
4;6;90;716;65;4755;456
4;6;91;658;54;3921;393
4;6;92;626;55;3210;328
4;6;93;567;48;2600;239
4;6;94;446;37;1985;172
4;6;95;340;33;1499;130
4;6;96;298;29;1123;86
4;6;97;248;15;794;47
4;6;98;173;11;558;53
4;6;99;129;7;403;34
4;6;100;270;20;628;43
5;1;35;33;33;33855;36941
5;1;36;31;16;34069;38853
5;1;37;38;19;33962;41026
5;1;38;42;27;34140;42562
5;1;39;38;28;34185;44193
5;1;40;52;24;34881;44956
5;1;41;62;37;36304;44587
5;1;42;63;31;38247;43382
5;1;43;75;40;38953;42915
5;1;44;84;48;39846;41381
5;1;45;80;52;39493;40557
5;1;46;99;60;39227;39345
5;1;47;131;64;39680;37572
5;1;48;139;79;40059;35991
5;1;49;145;62;40078;35234
5;1;50;147;85;40017;34378
5;1;51;191;95;39554;33136
5;1;52;179;97;39172;31117
5;1;53;225;95;37351;29850
5;1;54;200;110;35880;27827
5;1;55;230;121;34474;26059
5;1;56;241;120;32846;24870
5;1;57;267;130;31587;23549
5;1;58;258;110;30619;22256
5;1;59;304;147;29636;21201
5;1;60;312;137;28763;19972
5;1;61;298;143;28481;18422
5;1;62;329;134;27978;17367
5;1;63;340;146;27608;16239
5;1;64;322;160;27110;15462
5;1;65;396;135;27005;14211
5;1;66;432;161;25953;13913
5;1;67;434;150;25306;13096
5;1;68;465;167;25162;11979
5;1;69;460;148;24481;11528
5;1;70;527;198;24305;10486
5;1;71;500;172;23387;10252
5;1;72;600;210;22336;9373
5;1;73;572;164;20874;8696
5;1;74;661;162;19723;7496
5;1;75;590;150;18007;6549
5;1;76;618;138;17113;5535
5;1;77;697;167;15697;5521
5;1;78;782;154;15708;4754
5;1;79;832;150;15697;4307
5;1;80;961;171;15324;3838
5;1;81;986;173;14481;3436
5;1;82;956;169;13321;2844
5;1;83;964;189;11742;2466
5;1;84;901;176;10100;2196
5;1;85;890;168;8695;1702
5;1;86;776;161;7238;1502
5;1;87;743;111;6088;1163
5;1;88;688;124;4978;961
5;1;89;583;117;3922;843
5;1;90;510;107;3237;615
5;1;91;405;75;2555;515
5;1;92;380;54;2069;342
5;1;93;314;53;1498;276
5;1;94;217;38;1107;192
5;1;95;164;32;842;130
5;1;96;123;21;589;151
5;1;97;105;19;513;56
5;1;98;81;12;361;52
5;1;99;51;8;259;54
5;1;100;75;22;431;63
5;6;35;11;20;24686;46230
5;6;36;14;18;24850;47443
5;6;37;14;19;24929;48269
5;6;38;20;17;24645;49407
5;6;39;15;23;25011;49858
5;6;40;32;21;25448;50570
5;6;41;27;22;27117;50008
5;6;42;36;32;28305;49392
5;6;43;45;31;29656;48140
5;6;44;38;16;30304;46962
5;6;45;58;33;31767;44457
5;6;46;47;34;32516;42512
5;6;47;59;50;33150;40787
5;6;48;61;35;34283;38824
5;6;49;61;38;35223;37470
5;6;50;71;52;35312;36578
5;6;51;72;59;34893;35591
5;6;52;87;72;35342;33190
5;6;53;96;61;34886;31186
5;6;54;97;64;34658;28598
5;6;55;100;70;33436;26891
5;6;56;148;68;32609;24874
5;6;57;131;62;32000;22892
5;6;58;144;60;30915;21891
5;6;59;123;67;31138;20092
5;6;60;153;67;31055;18765
5;6;61;156;75;31134;17124
5;6;62;160;67;30914;15824
5;6;63;190;66;31052;14196
5;6;64;178;64;30720;13220
5;6;65;190;56;30521;12152
5;6;66;222;66;30264;11120
5;6;67;247;71;29895;10466
5;6;68;256;48;30006;9575
5;6;69;259;64;29521;9288
5;6;70;282;59;29411;8368
5;6;71;313;65;28804;7699
5;6;72;342;64;27875;6731
5;6;73;365;63;26734;6076
5;6;74;371;72;25310;5541
5;6;75;442;70;23336;5043
5;6;76;494;78;22827;3934
5;6;77;528;70;21773;4120
5;6;78;607;61;21935;3738
5;6;79;709;66;22664;3255
5;6;80;847;67;22549;2997
5;6;81;928;74;21936;2538
5;6;82;946;88;20449;2507
5;6;83;1059;88;19131;1957
5;6;84;994;86;17318;1696
5;6;85;1089;82;15184;1599
5;6;86;1042;123;13246;1411
5;6;87;1105;78;11316;1256
5;6;88;1041;87;9692;1007
5;6;89;981;87;8137;859
5;6;90;927;77;6730;749
5;6;91;860;74;5668;529
5;6;92;784;78;4548;478
5;6;93;693;57;3557;357
5;6;94;565;52;2735;251
5;6;95;463;43;2026;198
5;6;96;354;31;1535;127
5;6;97;280;20;1188;79
5;6;98;224;18;926;34
5;6;99;167;12;687;65
5;6;100;384;27;1266;87
6;1;35;8;5;6741;11287
6;1;36;1;5;6796;12224
6;1;37;10;8;6465;13257
6;1;38;9;11;6863;13330
6;1;39;5;8;6747;13622
6;1;40;12;8;6746;13500
6;1;41;14;4;6496;13494
6;1;42;17;10;6797;12744
6;1;43;4;15;6670;12506
6;1;44;17;13;7141;11922
6;1;45;11;13;6907;12103
6;1;46;25;15;7135;11874
6;1;47;30;21;7239;11624
6;1;48;18;24;7526;11118
6;1;49;28;29;7507;11004
6;1;50;31;23;7429;10833
6;1;51;31;25;7436;10567
6;1;52;32;27;7424;10390
6;1;53;40;37;7670;10022
6;1;54;46;44;7698;9915
6;1;55;60;37;7938;9659
6;1;56;57;60;8213;9377
6;1;57;78;48;8026;9351
6;1;58;62;50;8096;8884
6;1;59;77;47;7920;8445
6;1;60;78;59;7715;7839
6;1;61;90;55;7953;6986
6;1;62;109;57;7991;6441
6;1;63;112;52;7808;6245
6;1;64;111;52;7871;5917
6;1;65;121;70;7739;5765
6;1;66;119;63;7740;5538
6;1;67;136;56;7766;5125
6;1;68;133;62;7378;4929
6;1;69;140;61;7338;4238
6;1;70;152;54;7121;3731
6;1;71;164;60;6827;3323
6;1;72;134;59;6198;3178
6;1;73;150;66;5916;2859
6;1;74;152;52;5500;2502
6;1;75;170;58;5091;2160
6;1;76;205;53;4999;1918
6;1;77;182;72;5113;1679
6;1;78;231;61;5234;1755
6;1;79;272;73;5671;1586
6;1;80;324;68;5638;1568
6;1;81;378;88;5525;1450
6;1;82;334;76;5172;1345
6;1;83;379;72;4844;1217
6;1;84;377;78;4507;1026
6;1;85;393;86;4117;866
6;1;86;408;75;3611;788
6;1;87;415;83;3108;619
6;1;88;348;69;2565;548
6;1;89;355;64;2133;423
6;1;90;342;55;1689;348
6;1;91;299;48;1361;236
6;1;92;226;40;1069;185
6;1;93;200;29;814;148
6;1;94;155;39;562;118
6;1;95;115;21;377;85
6;1;96;70;10;309;24
6;1;97;73;11;206;27
6;1;98;43;5;111;40
6;1;99;31;8;87;8
6;1;100;37;10;94;30
6;6;35;0;2;4055;13454
6;6;36;1;3;4226;14208
6;6;37;3;8;4249;14932
6;6;38;1;4;4352;15338
6;6;39;4;8;4213;15641
6;6;40;1;8;4427;15315
6;6;41;0;9;4642;14821
6;6;42;4;12;4422;14701
6;6;43;10;10;5000;13922
6;6;44;4;10;4976;13853
6;6;45;11;5;5087;13476
6;6;46;4;15;5368;13043
6;6;47;3;19;5807;12556
6;6;48;11;11;5910;12472
6;6;49;18;14;6258;12147
6;6;50;16;11;6287;12074
6;6;51;22;20;6387;11850
6;6;52;17;15;6868;11113
6;6;53;9;23;7051;10840
6;6;54;14;24;7517;10422
6;6;55;18;28;8145;9882
6;6;56;26;28;8453;9661
6;6;57;28;24;8508;9376
6;6;58;39;21;8780;8516
6;6;59;44;22;8844;7832
6;6;60;33;21;8962;7146
6;6;61;44;28;9003;6672
6;6;62;36;18;9319;6000
6;6;63;54;18;9436;5501
6;6;64;57;16;9595;5039
6;6;65;53;18;9646;4798
6;6;66;47;14;10013;4293
6;6;67;55;25;10088;3952
6;6;68;70;29;10297;3287
6;6;69;86;17;9846;3103
6;6;70;80;23;9550;2738
6;6;71;82;12;9356;2305
6;6;72;91;17;8705;2228
6;6;73;93;21;8298;2036
6;6;74;85;17;7938;1733
6;6;75;107;16;7496;1539
6;6;76;104;16;7444;1426
6;6;77;131;19;7600;1376
6;6;78;147;30;7920;1463
6;6;79;191;31;8561;1361
6;6;80;236;36;9023;1185
6;6;81;280;28;9196;1021
6;6;82;351;30;8910;1088
6;6;83;392;44;8661;1005
6;6;84;431;46;8267;962
6;6;85;511;45;7734;826
6;6;86;460;47;7163;694
6;6;87;527;54;6441;695
6;6;88;524;66;5892;553
6;6;89;541;49;5153;541
6;6;90;617;43;4566;386
6;6;91;569;50;3769;387
6;6;92;523;49;3116;271
6;6;93;497;48;2467;242
6;6;94;404;38;1901;188
6;6;95;386;30;1455;110
6;6;96;257;28;1067;106
6;6;97;229;22;763;85
6;6;98;168;23;526;53
6;6;99;131;9;409;33
6;6;100;291;23;699;44
7;1;35;18;13;26855;40773
7;1;36;20;26;27651;42804
7;1;37;29;21;27765;45026
7;1;38;24;23;26955;47671
7;1;39;22;34;27893;47717
7;1;40;47;39;27907;48121
7;1;41;53;26;28025;48039
7;1;42;30;34;28491;47634
7;1;43;51;44;29469;46678
7;1;44;44;35;30188;46327
7;1;45;79;46;31351;45785
7;1;46;82;52;33031;44580
7;1;47;94;64;33683;44277
7;1;48;98;75;35013;43246
7;1;49;112;84;36252;42369
7;1;50;127;75;37082;41960
7;1;51;166;97;38395;40876
7;1;52;200;96;39735;39387
7;1;53;167;131;40219;38549
7;1;54;196;117;40044;38221
7;1;55;237;114;40193;37347
7;1;56;270;119;39832;36835
7;1;57;255;150;38831;36248
7;1;58;292;164;37776;35017
7;1;59;323;160;37407;32702
7;1;60;347;191;36685;30745
7;1;61;359;180;36437;28536
7;1;62;376;177;36601;26117
7;1;63;413;172;37066;23652
7;1;64;482;189;36743;22523
7;1;65;526;194;36445;21886
7;1;66;575;217;37837;19736
7;1;67;575;193;37389;18625
7;1;68;610;215;37631;16873
7;1;69;626;204;36573;16253
7;1;70;674;199;36340;14971
7;1;71;743;197;36562;13521
7;1;72;771;197;35524;12215
7;1;73;815;211;34275;11136
7;1;74;826;229;32056;10197
7;1;75;830;188;29660;8950
7;1;76;921;187;29057;7705
7;1;77;1083;202;29415;6819
7;1;78;1208;223;30209;6917
7;1;79;1385;238;32568;6088
7;1;80;1574;259;33122;6086
7;1;81;1741;248;32494;5743
7;1;82;1927;277;31452;4955
7;1;83;1963;263;29861;4624
7;1;84;2074;294;27914;4006
7;1;85;2341;259;25200;3528
7;1;86;2083;266;22484;3022
7;1;87;2256;280;19812;2408
7;1;88;2143;272;16934;2241
7;1;89;2078;250;14404;1751
7;1;90;1936;233;11912;1522
7;1;91;1793;229;9857;1162
7;1;92;1566;149;7894;905
7;1;93;1461;157;6080;619
7;1;94;1051;121;4284;447
7;1;95;785;83;2906;280
7;1;96;527;64;1893;218
7;1;97;405;59;1293;146
7;1;98;324;33;875;88
7;1;99;207;29;562;64
7;1;100;412;36;963;98
7;6;35;6;12;16810;47161
7;6;36;8;12;17529;49267
7;6;37;19;21;17692;51507
7;6;38;16;20;17555;53476
7;6;39;16;26;17231;54776
7;6;40;16;24;17744;54783
7;6;41;17;28;18438;54068
7;6;42;20;27;19105;53401
7;6;43;23;27;20180;52488
7;6;44;31;47;21477;51600
7;6;45;29;38;22747;51115
7;6;46;53;48;24427;50288
7;6;47;41;38;25866;49574
7;6;48;39;51;26639;49414
7;6;49;58;67;28276;48707
7;6;50;47;53;29348;48150
7;6;51;61;73;30406;46943
7;6;52;71;80;31393;45539
7;6;53;80;62;32087;44021
7;6;54;99;97;33078;42322
7;6;55;78;88;33718;40789
7;6;56;105;86;35107;38354
7;6;57;129;87;36003;35981
7;6;58;105;89;36222;33369
7;6;59;107;67;35487;31394
7;6;60;138;89;36043;27971
7;6;61;141;66;36126;25354
7;6;62;148;65;37035;22415
7;6;63;148;56;38045;20042
7;6;64;195;77;38717;18852
7;6;65;214;77;40239;17256
7;6;66;257;75;41249;16147
7;6;67;235;74;42460;14191
7;6;68;246;50;43457;12510
7;6;69;306;76;42666;12478
7;6;70;315;72;43532;11028
7;6;71;358;71;44235;9842
7;6;72;387;79;42924;9289
7;6;73;441;61;42749;7914
7;6;74;438;71;40691;7763
7;6;75;461;71;38719;6715
7;6;76;569;73;38594;5732
7;6;77;617;63;39615;5296
7;6;78;750;76;41859;5471
7;6;79;1000;81;45155;5366
7;6;80;1187;119;47685;4856
7;6;81;1384;121;47650;4764
7;6;82;1592;126;46483;4486
7;6;83;1801;136;45359;4133
7;6;84;2003;171;43428;3910
7;6;85;2300;158;40882;3685
7;6;86;2410;184;37962;3359
7;6;87;2610;205;35036;2763
7;6;88;2790;207;31286;2681
7;6;89;2857;217;27669;2262
7;6;90;2866;230;24241;1900
7;6;91;2835;217;20863;1699
7;6;92;2732;197;17490;1381
7;6;93;2529;187;14235;1099
7;6;94;2194;161;10997;792
7;6;95;1829;153;8002;613
7;6;96;1451;102;5707;414
7;6;97;1158;84;4096;238
7;6;98;854;80;2885;244
7;6;99;677;50;2126;136
7;6;100;1564;96;4175;246
8;1;35;19;8;34873;31495
8;1;36;26;14;36120;32543
8;1;37;26;18;35707;34403
8;1;38;24;26;35391;35654
8;1;39;37;14;34812;36421
8;1;40;46;16;34998;35862
8;1;41;42;28;35085;34840
8;1;42;38;32;35414;33492
8;1;43;57;22;36112;31921
8;1;44;63;31;35800;31575
8;1;45;85;20;36172;30944
8;1;46;79;30;37056;30026
8;1;47;101;50;37378;29475
8;1;48;112;51;38024;28268
8;1;49;130;55;38237;27689
8;1;50;128;64;37987;27384
8;1;51;164;60;38012;26356
8;1;52;161;69;38298;24852
8;1;53;169;86;37479;24306
8;1;54;167;84;36790;23595
8;1;55;200;74;36898;22306
8;1;56;215;98;36200;21324
8;1;57;233;108;34021;20807
8;1;58;250;87;32149;19186
8;1;59;219;78;30324;17526
8;1;60;225;84;28603;16185
8;1;61;265;103;27932;14875
8;1;62;267;92;27690;13540
8;1;63;335;93;27555;12255
8;1;64;318;98;27488;11175
8;1;65;352;84;27337;10559
8;1;66;383;110;28027;9378
8;1;67;427;83;27732;8594
8;1;68;452;99;27464;7404
8;1;69;454;99;26302;7182
8;1;70;466;112;25728;6659
8;1;71;537;94;25656;5851
8;1;72;538;106;24612;5066
8;1;73;586;107;23863;4898
8;1;74;600;92;22699;4365
8;1;75;614;89;20638;3931
8;1;76;683;102;21306;3248
8;1;77;800;102;20680;3372
8;1;78;919;90;21719;2532
8;1;79;1027;123;23030;2381
8;1;80;1162;121;22826;2452
8;1;81;1269;108;22436;2225
8;1;82;1403;97;21619;2060
8;1;83;1531;127;20824;1676
8;1;84;1507;129;19346;1539
8;1;85;1643;105;17540;1337
8;1;86;1720;112;15511;1212
8;1;87;1590;123;13623;938
8;1;88;1595;119;11508;803
8;1;89;1480;107;9492;627
8;1;90;1367;77;7708;426
8;1;91;1215;65;6185;347
8;1;92;1018;60;4833;290
8;1;93;884;60;3588;187
8;1;94;665;47;2480;150
8;1;95;471;31;1613;115
8;1;96;333;23;1071;67
8;1;97;222;18;713;40
8;1;98;165;9;484;26
8;1;99;110;9;322;22
8;1;100;210;10;497;32
8;6;35;9;13;22877;37590
8;6;36;4;12;23130;39193
8;6;37;15;10;22973;40829
8;6;38;10;21;22913;41923
8;6;39;14;12;23697;41398
8;6;40;8;14;23578;41464
8;6;41;15;15;24500;40093
8;6;42;21;28;25429;38219
8;6;43;21;15;26450;36641
8;6;44;37;16;28127;34853
8;6;45;40;29;29905;33258
8;6;46;34;21;31176;32113
8;6;47;32;25;31948;31053
8;6;48;34;38;32530;29943
8;6;49;45;33;33407;28550
8;6;50;60;32;32908;28538
8;6;51;59;37;33134;27534
8;6;52;53;34;33711;25897
8;6;53;78;37;33420;24889
8;6;54;72;29;34162;22752
8;6;55;85;45;34042;21479
8;6;56;94;37;34065;19924
8;6;57;93;44;33556;18129
8;6;58;82;44;32308;16388
8;6;59;96;41;30970;14846
8;6;60;95;40;30002;13146
8;6;61;124;36;29506;11826
8;6;62;114;43;29591;10402
8;6;63;113;33;29964;8901
8;6;64;119;26;30168;8143
8;6;65;138;31;30514;7572
8;6;66;147;18;31041;7097
8;6;67;154;35;31683;6065
8;6;68;186;22;31929;4958
8;6;69;225;23;31141;4719
8;6;70;245;23;30647;4503
8;6;71;263;26;30763;3993
8;6;72;296;23;29849;3450
8;6;73;300;38;29834;3158
8;6;74;343;28;28968;3055
8;6;75;428;26;27135;2749
8;6;76;447;27;28332;2132
8;6;77;583;39;28554;2054
8;6;78;649;26;29281;1946
8;6;79;791;47;31374;1623
8;6;80;928;40;31520;1757
8;6;81;1112;48;30932;1766
8;6;82;1262;60;29934;1639
8;6;83;1470;53;29145;1405
8;6;84;1633;58;27720;1385
8;6;85;1750;68;25956;1240
8;6;86;1844;82;23850;1116
8;6;87;1952;72;21499;935
8;6;88;1945;84;18710;878
8;6;89;1994;73;16215;713
8;6;90;1913;85;13955;466
8;6;91;1978;64;11549;506
8;6;92;1750;72;9451;337
8;6;93;1525;51;7419;275
8;6;94;1257;43;5614;198
8;6;95;991;53;4071;157
8;6;96;771;37;2902;117
8;6;97;646;22;1987;100
8;6;98;443;16;1419;51
8;6;99;341;15;986;36
8;6;100;699;29;1738;63
9;1;35;66;42;92955;137132
9;1;36;78;69;96908;146664
9;1;37;85;71;98533;156429
9;1;38;88;85;99910;164096
9;1;39;103;117;102095;167526
9;1;40;116;96;101626;168746
9;1;41;130;123;101013;167336
9;1;42;134;125;100460;163908
9;1;43;154;147;99179;159437
9;1;44;197;165;97299;155138
9;1;45;200;176;93149;153424
9;1;46;189;185;92933;148639
9;1;47;226;222;91054;146004
9;1;48;302;270;90095;142843
9;1;49;315;255;87876;141759
9;1;50;304;290;87820;137209
9;1;51;360;328;87306;131122
9;1;52;435;395;87095;124331
9;1;53;428;327;86913;117136
9;1;54;514;374;87170;110854
9;1;55;532;431;87407;106419
9;1;56;599;475;89638;100512
9;1;57;620;445;88245;97007
9;1;58;693;516;87584;91580
9;1;59;749;538;85097;87584
9;1;60;791;545;83089;83238
9;1;61;920;543;83623;78468
9;1;62;925;534;83018;75037
9;1;63;983;576;83597;69707
9;1;64;1096;575;85219;64471
9;1;65;1170;613;85221;62651
9;1;66;1336;616;86510;60007
9;1;67;1358;623;88188;55896
9;1;68;1517;660;89755;51273
9;1;69;1593;644;87283;48664
9;1;70;1673;644;84879;44971
9;1;71;1795;664;83432;40250
9;1;72;1737;637;78406;36525
9;1;73;1861;671;75723;33085
9;1;74;1946;662;70273;30314
9;1;75;1990;584;62550;27480
9;1;76;2161;635;62687;23543
9;1;77;2429;623;62038;20536
9;1;78;2588;701;62497;19305
9;1;79;3064;787;65137;18865
9;1;80;3355;829;63601;18590
9;1;81;3629;861;60899;16917
9;1;82;3735;833;56816;15589
9;1;83;4066;900;52942;13779
9;1;84;4070;866;47864;12464
9;1;85;4205;841;42975;10213
9;1;86;4108;851;37479;8746
9;1;87;4077;850;32056;7466
9;1;88;3740;789;26964;6268
9;1;89;3619;710;22435;5184
9;1;90;3323;678;18246;4279
9;1;91;2890;585;14633;3302
9;1;92;2550;532;11374;2502
9;1;93;2041;438;8412;1871
9;1;94;1601;352;5955;1377
9;1;95;1247;261;4007;937
9;1;96;824;217;2700;596
9;1;97;600;127;1789;380
9;1;98;439;109;1161;262
9;1;99;257;62;752;242
9;1;100;496;130;1110;273
9;6;35;23;45;65429;165582
9;6;36;25;62;66575;174900
9;6;37;27;57;65521;184368
9;6;38;48;68;66177;190099
9;6;39;33;64;66009;193970
9;6;40;50;76;66516;193160
9;6;41;48;95;67903;188967
9;6;42;73;109;69860;182550
9;6;43;82;92;70668;176447
9;6;44;78;108;71513;170330
9;6;45;85;122;72916;163723
9;6;46;84;105;74302;158377
9;6;47;119;152;74795;154614
9;6;48;137;192;76760;149582
9;6;49;119;170;78050;146576
9;6;50;167;191;78314;143664
9;6;51;185;218;79140;138218
9;6;52;199;182;81628;131022
9;6;53;218;214;83733;123969
9;6;54;202;224;86970;116871
9;6;55;226;221;90884;110409
9;6;56;285;241;97278;101716
9;6;57;310;261;98220;96758
9;6;58;343;240;99374;89766
9;6;59;372;244;99483;83611
9;6;60;342;237;99527;77774
9;6;61;386;216;100520;72910
9;6;62;430;233;102739;67489
9;6;63;474;231;104065;62156
9;6;64;492;211;107106;56298
9;6;65;568;230;109784;53221
9;6;66;619;214;111928;51059
9;6;67;623;203;115642;45808
9;6;68;756;231;119202;40095
9;6;69;816;218;116866;37841
9;6;70;805;212;113901;35379
9;6;71;964;253;113462;30165
9;6;72;1020;220;107265;27324
9;6;73;1047;211;103713;24740
9;6;74;1251;240;96747;22989
9;6;75;1211;232;88312;20915
9;6;76;1451;215;89007;17752
9;6;77;1720;243;89115;16374
9;6;78;1979;262;92954;15348
9;6;79;2555;280;99390;14968
9;6;80;2896;341;99946;15399
9;6;81;3349;361;98676;14056
9;6;82;3726;434;95310;13111
9;6;83;4326;489;92464;11627
9;6;84;4731;475;87051;11089
9;6;85;5094;490;80820;9654
9;6;86;5320;530;73584;8917
9;6;87;5688;557;66526;7731
9;6;88;5873;564;59479;6814
9;6;89;6005;595;52266;6119
9;6;90;6115;593;45362;4973
9;6;91;5660;527;38392;4049
9;6;92;5315;481;31749;3198
9;6;93;4906;438;25277;2540
9;6;94;4202;414;19300;2035
9;6;95;3418;348;14221;1522
9;6;96;2691;248;10205;1126
9;6;97;2087;207;7265;797
9;6;98;1624;181;4950;583
9;6;99;1153;105;3392;395
9;6;100;2414;263;5738;675
10;1;35;70;33;74335;80579
10;1;36;72;41;77942;85372
10;1;37;77;40;80694;89798
10;1;38;70;52;81816;93492
10;1;39;70;70;81474;95776
10;1;40;102;66;81512;94939
10;1;41;131;70;81371;93000
10;1;42;144;73;81591;90559
10;1;43;144;112;82371;87379
10;1;44;178;87;82159;85512
10;1;45;178;104;81357;84137
10;1;46;204;103;82601;80820
10;1;47;228;143;81768;79574
10;1;48;284;150;82376;76620
10;1;49;288;161;81132;75947
10;1;50;305;198;80544;74186
10;1;51;360;182;80610;70373
10;1;52;417;231;80341;66455
10;1;53;419;228;78399;64122
10;1;54;477;241;76531;61987
10;1;55;475;279;76776;58641
10;1;56;538;270;77123;55724
10;1;57;549;287;74054;54365
10;1;58;581;330;71432;51506
10;1;59;640;330;68680;48630
10;1;60;649;298;65595;46464
10;1;61;683;342;65729;43292
10;1;62;719;372;65861;40935
10;1;63;823;331;66535;37568
10;1;64;857;294;66847;35480
10;1;65;940;387;67844;33744
10;1;66;1061;367;68056;32862
10;1;67;1111;364;68851;30871
10;1;68;1172;395;70215;27847
10;1;69;1288;425;67818;26947
10;1;70;1323;447;66147;24977
10;1;71;1413;441;64343;22846
10;1;72;1377;391;61259;20630
10;1;73;1522;474;59979;18822
10;1;74;1599;411;56383;17717
10;1;75;1623;414;51757;16206
10;1;76;1903;441;51743;13761
10;1;77;2044;437;48586;12706
10;1;78;2065;442;47515;11010
10;1;79;2315;447;47568;10271
10;1;80;2484;447;45333;9770
10;1;81;2609;472;42739;8928
10;1;82;2801;457;39598;7912
10;1;83;2851;485;36449;6726
10;1;84;2926;500;32765;5683
10;1;85;2822;467;28608;4946
10;1;86;2793;413;24695;4056
10;1;87;2669;417;20920;3442
10;1;88;2492;386;17275;2877
10;1;89;2333;332;14214;2232
10;1;90;2050;334;11431;1787
10;1;91;1754;269;9018;1393
10;1;92;1556;235;6778;1106
10;1;93;1248;177;4960;813
10;1;94;921;157;3517;559
10;1;95;643;113;2441;350
10;1;96;490;63;1625;287
10;1;97;310;59;1151;169
10;1;98;225;40;724;157
10;1;99;152;42;492;116
10;1;100;235;33;703;119
10;6;35;22;21;51561;99202
10;6;36;26;34;53448;104248
10;6;37;32;41;54161;108910
10;6;38;31;47;55254;110873
10;6;39;30;46;55011;112671
10;6;40;50;55;54798;112524
10;6;41;55;68;56695;108646
10;6;42;57;46;57483;105744
10;6;43;65;63;59342;101389
10;6;44;77;58;61497;97173
10;6;45;68;76;63652;93926
10;6;46;115;75;67129;89851
10;6;47;101;94;68670;87509
10;6;48;131;83;69969;84693
10;6;49;118;105;71414;82246
10;6;50;147;113;72180;79619
10;6;51;149;135;72150;76828
10;6;52;153;130;74551;71829
10;6;53;207;149;74474;68635
10;6;54;216;114;76103;64476
10;6;55;253;110;77801;60786
10;6;56;287;139;80469;55698
10;6;57;254;146;79153;53409
10;6;58;288;148;78886;48989
10;6;59;292;161;77968;45217
10;6;60;314;121;76352;42496
10;6;61;307;150;77032;39184
10;6;62;346;141;77539;36797
10;6;63;407;122;79058;33295
10;6;64;393;140;81059;30481
10;6;65;465;129;82517;29090
10;6;66;490;144;84402;27178
10;6;67;553;130;85764;24999
10;6;68;600;128;86293;22701
10;6;69;629;152;84547;21415
10;6;70;687;160;83508;19155
10;6;71;854;156;82249;16930
10;6;72;794;142;78128;15644
10;6;73;888;133;77334;13606
10;6;74;982;150;73744;12961
10;6;75;1082;156;69018;11874
10;6;76;1272;156;69731;9889
10;6;77;1341;156;66288;9968
10;6;78;1606;147;66361;7976
10;6;79;1939;170;67542;7528
10;6;80;2025;199;66260;7280
10;6;81;2436;195;64473;6673
10;6;82;2665;226;61538;6243
10;6;83;2997;269;58702;5566
10;6;84;3350;248;54647;5084
10;6;85;3578;294;50037;4464
10;6;86;3964;291;45193;3983
10;6;87;3904;283;40149;3472
10;6;88;4076;302;35199;3015
10;6;89;4009;275;30192;2590
10;6;90;3897;275;25706;1947
10;6;91;3645;235;21250;1546
10;6;92;3250;222;17109;1158
10;6;93;2755;203;13312;935
10;6;94;2383;170;9923;784
10;6;95;1801;123;7216;577
10;6;96;1483;115;4976;440
10;6;97;1011;79;3456;258
10;6;98;752;52;2433;199
10;6;99;510;49;1735;133
10;6;100;1035;80;2942;197
11;1;35;9;6;15786;15031
11;1;36;14;2;15533;15670
11;1;37;10;7;15332;16362
11;1;38;26;7;15516;16719
11;1;39;20;12;16082;16413
11;1;40;19;11;16359;16507
11;1;41;28;12;16658;16561
11;1;42;35;14;17375;15923
11;1;43;40;16;17723;15717
11;1;44;38;18;18313;15157
11;1;45;36;12;18991;14634
11;1;46;48;22;19548;14436
11;1;47;50;21;20152;14111
11;1;48;76;21;20755;13854
11;1;49;77;29;21491;13488
11;1;50;81;34;21603;13766
11;1;51;87;25;22186;13445
11;1;52;119;35;22324;13130
11;1;53;121;31;22012;12959
11;1;54;120;45;21971;12366
11;1;55;139;41;21986;11555
11;1;56;140;47;20951;11734
11;1;57;152;64;20468;10798
11;1;58;156;56;19173;10331
11;1;59;162;60;18167;9424
11;1;60;161;54;17444;8531
11;1;61;154;61;17010;8041
11;1;62;202;58;16988;7347
11;1;63;197;62;16875;6638
11;1;64;232;56;16613;5927
11;1;65;253;63;16127;5716
11;1;66;262;63;15886;5420
11;1;67;268;72;15969;4726
11;1;68;294;63;15991;4238
11;1;69;314;49;15732;4074
11;1;70;356;69;15654;3813
11;1;71;353;77;15768;3250
11;1;72;361;60;14653;3109
11;1;73;367;67;13817;2778
11;1;74;411;67;12690;2653
11;1;75;393;73;11405;2577
11;1;76;415;65;11846;1862
11;1;77;513;50;12070;1672
11;1;78;594;68;12525;1543
11;1;79;671;57;13253;1372
11;1;80;802;68;13267;1496
11;1;81;810;96;12919;1347
11;1;82;883;86;11988;1320
11;1;83;854;78;11097;1020
11;1;84;889;60;9996;848
11;1;85;886;74;8796;682
11;1;86;893;60;7431;650
11;1;87;811;72;6288;581
11;1;88;736;79;5322;471
11;1;89;731;54;4362;343
11;1;90;593;51;3486;281
11;1;91;530;60;2715;241
11;1;92;470;33;2102;139
11;1;93;399;24;1561;110
11;1;94;313;18;1077;89
11;1;95;210;18;758;56
11;1;96;152;16;511;41
11;1;97;112;11;340;22
11;1;98;85;3;226;14
11;1;99;51;3;135;11
11;1;100;88;10;235;25
11;6;35;2;5;10586;18987
11;6;36;7;5;10697;19460
11;6;37;6;9;10713;19868
11;6;38;5;8;10363;20574
11;6;39;5;7;11016;20126
11;6;40;7;9;11558;19788
11;6;41;4;9;12063;19383
11;6;42;12;11;13044;18671
11;6;43;11;11;13592;18423
11;6;44;13;11;14629;17733
11;6;45;20;14;15512;17210
11;6;46;22;13;16371;16709
11;6;47;26;15;17647;15896
11;6;48;18;20;18176;15712
11;6;49;22;16;18736;15617
11;6;50;31;20;19103;15425
11;6;51;33;23;19594;14718
11;6;52;49;17;19439;14489
11;6;53;48;26;19383;13782
11;6;54;38;22;19569;12730
11;6;55;45;16;19218;12292
11;6;56;54;18;19305;11242
11;6;57;54;26;18949;10224
11;6;58;60;37;18302;9261
11;6;59;53;27;17292;8682
11;6;60;58;13;16741;7819
11;6;61;69;23;16612;7055
11;6;62;88;16;16809;6207
11;6;63;100;17;16993;5379
11;6;64;89;20;17026;4853
11;6;65;94;18;17322;4477
11;6;66;89;17;17756;4092
11;6;67;112;19;18297;3389
11;6;68;140;19;18276;3271
11;6;69;134;23;18337;3007
11;6;70;157;23;18395;2913
11;6;71;190;26;18675;2583
11;6;72;191;21;18081;2193
11;6;73;203;22;17488;1975
11;6;74;238;20;16768;1874
11;6;75;244;19;15652;1864
11;6;76;297;18;16178;1348
11;6;77;368;25;16473;1397
11;6;78;458;26;17333;1273
11;6;79;526;26;18628;1111
11;6;80;646;19;19199;1234
11;6;81;719;32;19269;993
11;6;82;848;29;18297;1010
11;6;83;932;35;17420;792
11;6;84;973;29;16035;816
11;6;85;1050;27;14488;792
11;6;86;1096;49;13035;556
11;6;87;1116;64;11440;540
11;6;88;1099;38;10015;470
11;6;89;1137;47;8555;388
11;6;90;1067;46;7273;305
11;6;91;1000;33;5990;265
11;6;92;912;41;4767;232
11;6;93;795;31;3642;171
11;6;94;657;30;2733;137
11;6;95;535;17;2013;52
11;6;96;383;14;1431;80
11;6;97;310;14;1058;50
11;6;98;236;8;729;29
11;6;99;169;7;502;21
11;6;100;339;25;918;34
12;1;35;46;26;30941;50427
12;1;36;47;23;32485;52656
12;1;37;39;34;33155;55000
12;1;38;48;35;33671;56639
12;1;39;42;32;34133;57196
12;1;40;57;46;34249;56733
12;1;41;64;43;34651;55245
12;1;42;88;52;35387;53301
12;1;43;78;56;35827;51352
12;1;44;95;58;36398;49556
12;1;45;122;66;36645;48625
12;1;46;144;62;38182;46487
12;1;47;163;82;39074;45047
12;1;48;151;100;39965;43209
12;1;49;169;81;40163;41878
12;1;50;209;114;40576;39956
12;1;51;215;134;40600;38496
12;1;52;245;127;40972;37324
12;1;53;265;111;42034;35835
12;1;54;287;147;42886;34806
12;1;55;317;134;43380;33856
12;1;56;349;164;43050;33220
12;1;57;396;168;43064;31507
12;1;58;397;165;42311;30139
12;1;59;407;163;42198;28407
12;1;60;476;169;42584;26334
12;1;61;518;188;43079;24503
12;1;62;545;158;43235;22793
12;1;63;505;208;43342;21242
12;1;64;609;167;43779;20222
12;1;65;631;197;44427;19611
12;1;66;712;201;45653;18170
12;1;67;777;214;45929;17314
12;1;68;858;214;46642;15948
12;1;69;867;206;45816;15321
12;1;70;963;210;45781;13884
12;1;71;989;216;45462;12231
12;1;72;978;223;42170;11794
12;1;73;1037;200;40301;10448
12;1;74;1016;191;37772;9101
12;1;75;1023;188;34848;7754
12;1;76;1079;186;33759;6651
12;1;77;1275;186;33380;6335
12;1;78;1367;236;34456;6249
12;1;79;1672;243;36527;5783
12;1;80;1882;271;36808;5657
12;1;81;2025;285;35534;5280
12;1;82;2083;279;33249;4664
12;1;83;2182;290;30420;4141
12;1;84;2314;281;27396;3532
12;1;85;2182;280;23785;3349
12;1;86;2132;258;20920;2628
12;1;87;2117;231;17928;2298
12;1;88;2006;230;15062;1913
12;1;89;1880;206;12259;1634
12;1;90;1682;173;10066;1174
12;1;91;1529;145;8208;887
12;1;92;1434;146;6474;736
12;1;93;1115;114;4978;526
12;1;94;951;89;3695;352
12;1;95;723;88;2521;322
12;1;96;501;47;1785;179
12;1;97;361;32;1212;140
12;1;98;275;33;844;90
12;1;99;213;22;566;58
12;1;100;316;41;877;101
12;6;35;12;19;19642;60564
12;6;36;12;22;19921;64303
12;6;37;20;28;21036;66394
12;6;38;23;30;20964;68799
12;6;39;18;17;21984;68671
12;6;40;29;38;22841;67422
12;6;41;18;29;23754;65546
12;6;42;34;38;24868;62984
12;6;43;23;39;27014;59765
12;6;44;24;57;29124;57332
12;6;45;34;52;30663;55582
12;6;46;43;55;32890;53024
12;6;47;54;63;33987;51571
12;6;48;71;60;35888;49034
12;6;49;61;64;36541;47458
12;6;50;71;61;37347;45610
12;6;51;76;73;38239;43616
12;6;52;104;71;38827;42171
12;6;53;79;75;40089;40395
12;6;54;117;84;41412;38705
12;6;55;138;83;43438;36331
12;6;56;130;92;45478;33765
12;6;57;154;87;46444;31640
12;6;58;173;83;46951;29442
12;6;59;155;81;47080;27221
12;6;60;194;76;47443;25081
12;6;61;188;69;48194;23032
12;6;62;206;84;49374;20640
12;6;63;237;69;50398;18612
12;6;64;254;75;51463;17184
12;6;65;242;65;52656;16319
12;6;66;305;62;54296;14922
12;6;67;319;66;55499;13963
12;6;68;376;64;57966;11836
12;6;69;425;70;57464;11554
12;6;70;473;54;57596;10697
12;6;71;502;71;57541;9266
12;6;72;517;75;55122;8265
12;6;73;538;67;53246;7453
12;6;74;627;69;50585;6612
12;6;75;643;59;47518;5634
12;6;76;740;62;46982;4692
12;6;77;831;77;47057;5153
12;6;78;989;72;50103;4702
12;6;79;1253;85;54171;4538
12;6;80;1617;113;56532;4301
12;6;81;1822;84;56077;4163
12;6;82;2065;134;53785;3894
12;6;83;2239;138;50819;3428
12;6;84;2489;149;47272;3194
12;6;85;2634;175;43132;3072
12;6;86;2806;164;39215;2605
12;6;87;2969;178;34918;2443
12;6;88;2955;171;30825;1988
12;6;89;2971;171;26550;1894
12;6;90;3006;188;22959;1463
12;6;91;2835;183;19536;1331
12;6;92;2747;175;16136;1136
12;6;93;2431;143;13162;768
12;6;94;2220;123;10251;593
12;6;95;1818;116;7715;397
12;6;96;1494;66;5721;323
12;6;97;1163;79;4137;290
12;6;98;948;44;2956;164
12;6;99;690;28;2073;126
12;6;100;1395;93;3633;196
13;1;35;43;50;67173;139302
13;1;36;32;53;69162;146228
13;1;37;40;65;68932;155047
13;1;38;49;75;69768;161457
13;1;39;72;81;69730;165924
13;1;40;80;99;69911;166778
13;1;41;84;98;68705;165783
13;1;42;95;105;67552;162453
13;1;43;89;127;66787;157889
13;1;44;116;130;65424;154120
13;1;45;130;166;64553;150267
13;1;46;149;189;64218;146313
13;1;47;150;186;62839;143664
13;1;48;165;192;62409;139758
13;1;49;189;230;62296;135949
13;1;50;225;263;60092;133604
13;1;51;244;318;59746;128686
13;1;52;260;310;59317;123141
13;1;53;284;314;58490;117491
13;1;54;320;329;58494;111267
13;1;55;345;393;58321;105842
13;1;56;384;382;59281;99889
13;1;57;398;433;57959;95727
13;1;58;386;432;56713;90479
13;1;59;442;426;54816;85558
13;1;60;475;477;53835;79804
13;1;61;504;465;53432;75153
13;1;62;542;520;53764;70485
13;1;63;610;523;55087;65530
13;1;64;621;495;55707;62641
13;1;65;683;519;56097;61176
13;1;66;762;572;57122;59275
13;1;67;757;587;58327;55626
13;1;68;886;617;58815;52052
13;1;69;943;647;57121;49597
13;1;70;974;643;54859;47547
13;1;71;1079;647;54545;43593
13;1;72;1097;700;51817;39661
13;1;73;1117;659;49028;37243
13;1;74;1137;733;44782;34782
13;1;75;1181;712;40296;31309
13;1;76;1312;699;41492;26565
13;1;77;1447;696;38749;25377
13;1;78;1508;773;39627;22630
13;1;79;1856;858;41413;21226
13;1;80;1875;836;40036;20908
13;1;81;2102;877;38399;19460
13;1;82;2227;935;36246;17810
13;1;83;2356;839;34563;15256
13;1;84;2383;970;31519;13670
13;1;85;2567;957;28116;11807
13;1;86;2423;901;24648;9917
13;1;87;2408;834;21274;8177
13;1;88;2306;807;17680;6923
13;1;89;2087;743;14378;5888
13;1;90;1954;692;11908;4634
13;1;91;1750;591;9541;3691
13;1;92;1499;540;7440;2924
13;1;93;1329;440;5751;2073
13;1;94;1059;367;4058;1512
13;1;95;728;279;2792;1092
13;1;96;523;208;1904;720
13;1;97;366;172;1221;568
13;1;98;278;130;771;420
13;1;99;188;88;565;242
13;1;100;344;159;770;310
13;6;35;18;31;53778;159161
13;6;36;15;45;53641;167629
13;6;37;25;50;54079;174637
13;6;38;32;49;54019;181233
13;6;39;38;56;53030;185842
13;6;40;37;73;52577;186976
13;6;41;41;80;53308;184038
13;6;42;42;98;53717;179860
13;6;43;43;104;54467;174311
13;6;44;51;103;55001;168786
13;6;45;81;118;56188;163813
13;6;46;49;130;57911;158682
13;6;47;88;134;58897;154675
13;6;48;78;165;59605;151013
13;6;49;104;170;59997;147965
13;6;50;109;175;59792;144904
13;6;51;110;207;60470;140160
13;6;52;143;187;61249;134602
13;6;53;151;192;61681;128420
13;6;54;153;246;63535;121198
13;6;55;175;248;66694;113384
13;6;56;203;257;70309;106107
13;6;57;209;238;71572;100410
13;6;58;205;239;72006;94273
13;6;59;248;254;72384;87864
13;6;60;276;247;72885;81208
13;6;61;272;229;73871;75514
13;6;62;306;230;75462;69866
13;6;63;337;240;77602;63661
13;6;64;359;238;79325;59525
13;6;65;410;242;81014;57482
13;6;66;433;285;82811;55632
13;6;67;520;258;85884;50722
13;6;68;526;256;88835;45134
13;6;69;537;265;86494;43533
13;6;70;632;254;84504;41209
13;6;71;680;302;85247;35894
13;6;72;739;244;79954;33247
13;6;73;743;279;77239;29937
13;6;74;774;267;71774;28423
13;6;75;854;267;66026;26344
13;6;76;915;287;68814;21707
13;6;77;1124;301;66758;21736
13;6;78;1285;315;69439;18951
13;6;79;1577;338;72810;17962
13;6;80;1744;398;72541;18305
13;6;81;2100;413;71041;17472
13;6;82;2336;517;68490;16306
13;6;83;2685;539;66533;14389
13;6;84;2974;566;62610;13430
13;6;85;3182;601;58267;12165
13;6;86;3444;647;53989;10833
13;6;87;3658;657;48788;9739
13;6;88;3860;598;43779;8197
13;6;89;3835;615;38043;7423
13;6;90;3848;654;33127;6043
13;6;91;3952;619;28353;5020
13;6;92;3655;571;23643;4149
13;6;93;3400;502;19249;3259
13;6;94;2952;461;14997;2447
13;6;95;2420;387;11090;1931
13;6;96;2034;302;8165;1279
13;6;97;1536;235;5686;1067
13;6;98;1115;187;4064;798
13;6;99;923;167;3035;534
13;6;100;2022;355;5057;874
14;1;35;19;14;26556;24518
14;1;36;26;16;27811;25487
14;1;37;15;19;27695;26979
14;1;38;30;14;27824;27460
14;1;39;33;18;27896;27404
14;1;40;45;23;28140;26554
14;1;41;37;17;27726;26174
14;1;42;40;21;27401;25359
14;1;43;43;25;26868;24672
14;1;44;45;28;26508;23969
14;1;45;52;20;26297;23283
14;1;46;52;26;25962;23051
14;1;47;65;28;25710;22808
14;1;48;60;33;25127;22611
14;1;49;86;51;26253;20618
14;1;50;91;41;25117;20509
14;1;51;81;60;24794;18989
14;1;52;91;63;23975;17946
14;1;53;110;49;23029;17126
14;1;54;116;64;22603;15995
14;1;55;123;52;21828;15688
14;1;56;124;60;21721;14846
14;1;57;152;61;20429;14620
14;1;58;147;76;19175;13845
14;1;59;157;67;18647;12351
14;1;60;165;78;17738;11401
14;1;61;169;79;17185;10758
14;1;62;191;62;17008;10173
14;1;63;223;82;16917;9368
14;1;64;202;87;17161;8270
14;1;65;252;62;17067;7823
14;1;66;286;84;16986;7501
14;1;67;266;73;17023;6935
14;1;68;308;97;17418;6141
14;1;69;310;80;17005;5761
14;1;70;295;76;16671;4971
14;1;71;335;101;15748;4728
14;1;72;340;98;14630;4252
14;1;73;340;94;13935;3963
14;1;74;370;107;13388;3629
14;1;75;405;78;12738;3319
14;1;76;474;86;12859;2967
14;1;77;474;84;12210;2939
14;1;78;546;102;12227;2446
14;1;79;598;109;12280;2215
14;1;80;664;123;11784;1998
14;1;81;704;118;10991;1907
14;1;82;713;106;10139;1792
14;1;83;731;118;9451;1475
14;1;84;771;126;8474;1330
14;1;85;778;100;7588;1036
14;1;86;767;82;6621;878
14;1;87;738;77;5631;672
14;1;88;707;80;4621;634
14;1;89;650;92;3709;573
14;1;90;560;76;3020;397
14;1;91;508;76;2317;260
14;1;92;428;41;1691;214
14;1;93;300;49;1217;143
14;1;94;232;38;815;135
14;1;95;182;17;588;71
14;1;96;94;18;403;45
14;1;97;78;13;249;42
14;1;98;47;11;163;19
14;1;99;32;8;87;22
14;1;100;60;9;108;24
14;6;35;6;15;18163;28783
14;6;36;5;7;18496;29684
14;6;37;12;8;18142;30805
14;6;38;10;8;18359;31090
14;6;39;11;8;17705;31787
14;6;40;9;12;18830;30244
14;6;41;17;14;19170;29415
14;6;42;11;15;18839;29066
14;6;43;24;17;19674;27416
14;6;44;17;20;20339;26156
14;6;45;17;23;20884;25132
14;6;46;24;22;21008;24712
14;6;47;28;26;21679;23937
14;6;48;27;29;21547;23616
14;6;49;31;27;22440;22270
14;6;50;47;27;22495;21393
14;6;51;45;30;21821;20529
14;6;52;38;30;21905;18875
14;6;53;56;29;21812;17563
14;6;54;48;32;21245;16842
14;6;55;47;28;22309;14999
14;6;56;53;32;22295;14353
14;6;57;67;26;22280;12982
14;6;58;83;41;21336;12199
14;6;59;71;25;20540;11130
14;6;60;77;35;19849;10059
14;6;61;76;23;19865;9018
14;6;62;96;40;20286;7970
14;6;63;94;27;20469;7241
14;6;64;96;31;20593;6670
14;6;65;117;28;21096;5926
14;6;66;103;26;21208;5644
14;6;67;130;32;21243;5186
14;6;68;146;34;21776;4454
14;6;69;165;26;21594;4073
14;6;70;191;22;20889;3707
14;6;71;199;33;20123;3230
14;6;72;167;23;18933;2779
14;6;73;210;23;18269;2699
14;6;74;233;28;17942;2350
14;6;75;293;28;17297;2254
14;6;76;313;31;17783;1860
14;6;77;372;23;17126;1930
14;6;78;416;33;17385;1461
14;6;79;521;32;17567;1443
14;6;80;552;42;17151;1439
14;6;81;632;40;16839;1203
14;6;82;775;51;15967;1129
14;6;83;885;40;15163;995
14;6;84;907;49;14093;936
14;6;85;1021;64;12854;851
14;6;86;1044;48;11596;737
14;6;87;1010;47;10175;676
14;6;88;1036;65;8854;521
14;6;89;1045;56;7513;462
14;6;90;1032;47;6298;302
14;6;91;907;52;5066;269
14;6;92;800;44;3957;198
14;6;93;681;49;2914;160
14;6;94;544;28;2117;103
14;6;95;385;31;1516;81
14;6;96;340;16;1007;82
14;6;97;238;18;700;61
14;6;98;175;12;483;40
14;6;99;118;5;314;17
14;6;100;250;18;552;40
15;1;35;7;0;6596;12422
15;1;36;2;8;6741;13369
15;1;37;11;5;6982;13993
15;1;38;4;11;7105;14618
15;1;39;9;5;7406;14793
15;1;40;9;9;7479;14790
15;1;41;3;9;7464;14666
15;1;42;2;9;7589;14262
15;1;43;14;17;7584;14064
15;1;44;11;11;7845;13719
15;1;45;19;14;7680;13786
15;1;46;6;13;7942;13299
15;1;47;26;16;7994;12947
15;1;48;20;27;8016;12528
15;1;49;26;19;7981;12329
15;1;50;32;30;7872;12140
15;1;51;33;20;7818;11882
15;1;52;27;30;8081;11244
15;1;53;33;25;8108;10671
15;1;54;41;33;7999;10201
15;1;55;46;35;7937;9837
15;1;56;51;35;7955;9443
15;1;57;43;38;7706;9276
15;1;58;64;39;7916;8562
15;1;59;46;39;7804;8047
15;1;60;64;50;7716;7527
15;1;61;65;53;7322;7409
15;1;62;79;54;7399;6864
15;1;63;76;42;7537;6334
15;1;64;78;62;7737;5830
15;1;65;97;47;7452;5937
15;1;66;110;55;7628;5560
15;1;67;123;66;7876;5049
15;1;68;128;53;7906;4741
15;1;69;110;45;7759;4480
15;1;70;150;76;7860;3929
15;1;71;140;56;7663;3702
15;1;72;164;65;7185;3487
15;1;73;177;73;6947;3024
15;1;74;170;59;6501;2684
15;1;75;197;34;5850;2391
15;1;76;184;68;5603;1996
15;1;77;203;53;5324;1937
15;1;78;237;50;5559;1727
15;1;79;279;73;5803;1609
15;1;80;284;57;5984;1386
15;1;81;305;49;5686;1469
15;1;82;311;75;5508;1164
15;1;83;407;67;5143;1032
15;1;84;399;71;4813;855
15;1;85;407;61;4259;807
15;1;86;403;75;3902;602
15;1;87;387;73;3267;594
15;1;88;410;63;2759;486
15;1;89;394;53;2276;371
15;1;90;352;48;1849;302
15;1;91;292;45;1509;238
15;1;92;267;36;1209;155
15;1;93;230;30;916;143
15;1;94;164;24;696;82
15;1;95;123;18;476;63
15;1;96;105;13;283;74
15;1;97;67;9;183;29
15;1;98;32;10;122;24
15;1;99;34;4;78;18
15;1;100;49;5;120;22
15;6;35;2;2;4545;14250
15;6;36;1;4;4702;14745
15;6;37;2;3;4802;15206
15;6;38;3;6;4935;15741
15;6;39;5;7;4843;16286
15;6;40;6;7;4821;16341
15;6;41;5;7;4904;16075
15;6;42;4;9;5153;15535
15;6;43;5;4;5237;15126
15;6;44;6;14;5378;14841
15;6;45;4;17;5737;14371
15;6;46;6;6;5832;14134
15;6;47;10;18;6339;13508
15;6;48;12;18;6565;13064
15;6;49;8;20;6774;12735
15;6;50;14;12;6733;12668
15;6;51;15;20;6660;12438
15;6;52;13;14;6773;11947
15;6;53;15;20;6772;11519
15;6;54;15;24;7049;10772
15;6;55;24;16;7007;10391
15;6;56;23;16;7790;9265
15;6;57;16;17;7872;8857
15;6;58;28;22;8106;8112
15;6;59;27;25;8108;7569
15;6;60;38;25;7925;7155
15;6;61;27;26;8147;6429
15;6;62;30;25;8235;5974
15;6;63;27;16;8653;5266
15;6;64;37;16;8726;5005
15;6;65;40;20;9008;4664
15;6;66;55;23;9405;4246
15;6;67;64;23;9455;4096
15;6;68;60;12;9867;3617
15;6;69;58;11;9742;3413
15;6;70;61;15;9701;3038
15;6;71;74;19;9426;2877
15;6;72;89;23;9055;2504
15;6;73;93;13;8818;2147
15;6;74;90;25;8306;2016
15;6;75;89;28;7933;1654
15;6;76;117;27;7761;1434
15;6;77;103;19;7493;1508
15;6;78;154;26;7808;1402
15;6;79;193;22;8076;1462
15;6;80;218;39;8393;1302
15;6;81;246;30;8462;1232
15;6;82;308;25;8257;1201
15;6;83;312;42;8028;1117
15;6;84;380;45;7860;905
15;6;85;437;65;7256;962
15;6;86;425;45;6717;851
15;6;87;495;48;6149;779
15;6;88;506;47;5626;657
15;6;89;527;71;4997;620
15;6;90;584;56;4432;481
15;6;91;513;57;3866;340
15;6;92;524;57;3121;379
15;6;93;476;45;2572;244
15;6;94;420;43;2002;188
15;6;95;356;31;1477;127
15;6;96;280;15;1058;74
15;6;97;216;23;756;77
15;6;98;155;21;562;52
15;6;99;136;20;406;42
15;6;100;277;47;636;74
16;1;35;13;14;15692;44633
16;1;36;19;28;16856;47320
16;1;37;12;23;17257;50684
16;1;38;19;36;17873;53031
16;1;39;27;30;18103;54512
16;1;40;27;41;19194;53989
16;1;41;26;36;19469;53577
16;1;42;40;38;19442;53334
16;1;43;35;49;19447;52713
16;1;44;45;43;19391;51873
16;1;45;56;46;19404;50901
16;1;46;54;77;19718;49940
16;1;47;59;76;19955;49343
16;1;48;101;97;19807;49213
16;1;49;87;91;20311;48680
16;1;50;94;109;20194;48588
16;1;51;111;140;19878;48018
16;1;52;114;160;20353;46429
16;1;53;112;149;20672;44719
16;1;54;131;165;21076;43252
16;1;55;165;140;22083;41674
16;1;56;169;165;22665;40415
16;1;57;198;212;22696;39371
16;1;58;195;219;22268;37899
16;1;59;200;226;22543;35378
16;1;60;232;195;22613;33183
16;1;61;236;228;22922;31132
16;1;62;301;212;23226;29245
16;1;63;261;241;23687;27489
16;1;64;275;262;23926;26529
16;1;65;349;252;23894;26130
16;1;66;369;277;24772;24906
16;1;67;426;268;25112;23863
16;1;68;422;285;25793;21989
16;1;69;508;247;25942;20046
16;1;70;511;291;25349;18789
16;1;71;556;306;25510;16367
16;1;72;533;293;23914;14866
16;1;73;551;274;22587;13564
16;1;74;567;271;21196;11909
16;1;75;606;269;19126;11035
16;1;76;647;261;19440;9255
16;1;77;772;271;19834;7867
16;1;78;830;270;19470;8076
16;1;79;942;299;20740;7323
16;1;80;1081;302;20708;7230
16;1;81;1212;348;20131;6875
16;1;82;1368;356;19157;6224
16;1;83;1309;377;17983;5384
16;1;84;1405;383;16288;4746
16;1;85;1448;376;14346;4170
16;1;86;1487;328;12406;3456
16;1;87;1424;313;10506;2721
16;1;88;1271;282;8665;2254
16;1;89;1162;267;6924;1837
16;1;90;1058;221;5593;1344
16;1;91;927;213;4292;1074
16;1;92;783;146;3298;736
16;1;93;589;145;2352;595
16;1;94;454;99;1605;438
16;1;95;306;79;1155;224
16;1;96;233;47;714;194
16;1;97;177;42;468;126
16;1;98;113;28;302;84
16;1;99;78;20;215;23
16;1;100;106;45;238;74
16;6;35;5;17;10758;49473
16;6;36;7;14;11888;51617
16;6;37;7;14;11674;54961
16;6;38;3;16;11968;57333
16;6;39;11;22;11927;58854
16;6;40;9;26;12091;59115
16;6;41;16;30;12469;58497
16;6;42;15;24;13092;57414
16;6;43;11;38;13351;56448
16;6;44;24;50;14785;54472
16;6;45;36;47;15121;53542
16;6;46;26;46;16285;51789
16;6;47;28;59;16644;51319
16;6;48;27;57;17583;50761
16;6;49;34;61;18670;50435
16;6;50;54;62;19031;50654
16;6;51;41;83;19579;50098
16;6;52;58;74;20577;48456
16;6;53;66;102;21056;47042
16;6;54;80;96;22629;44759
16;6;55;76;117;24090;42851
16;6;56;95;96;25607;40744
16;6;57;115;88;27032;38167
16;6;58;108;81;28066;35311
16;6;59;120;98;28566;32728
16;6;60;140;101;29824;29385
16;6;61;129;112;30960;26625
16;6;62;139;82;31710;24448
16;6;63;152;81;32500;22544
16;6;64;144;82;33507;20999
16;6;65;175;78;34826;19536
16;6;66;220;75;36502;17746
16;6;67;235;95;37581;16188
16;6;68;250;74;39174;14052
16;6;69;262;74;39092;13105
16;6;70;289;86;39118;11765
16;6;71;294;88;38401;10572
16;6;72;327;71;36369;9390
16;6;73;329;94;34863;8167
16;6;74;333;73;32675;7458
16;6;75;402;91;30928;6416
16;6;76;450;63;31038;5374
16;6;77;500;72;31113;5337
16;6;78;660;80;32318;5201
16;6;79;723;113;34026;5224
16;6;80;868;127;35342;4865
16;6;81;1048;120;35169;4606
16;6;82;1192;144;34220;4364
16;6;83;1361;146;32975;4097
16;6;84;1523;169;31053;3706
16;6;85;1691;178;28657;3383
16;6;86;1779;188;26452;2838
16;6;87;1921;193;23632;2720
16;6;88;1958;206;20957;2487
16;6;89;1981;202;18267;2203
16;6;90;1999;201;15740;1758
16;6;91;1863;197;13124;1481
16;6;92;1788;172;10805;1093
16;6;93;1606;151;8506;852
16;6;94;1366;126;6357;706
16;6;95;1111;106;4717;445
16;6;96;922;89;3388;351
16;6;97;730;77;2375;241
16;6;98;483;59;1620;213
16;6;99;418;43;1138;134
16;6;100;816;75;1706;169
17;1;35;4;5;3760;5673
17;1;36;1;3;4002;5982
17;1;37;4;4;4127;6270
17;1;38;2;5;4135;6681
17;1;39;7;6;3953;7040
17;1;40;4;8;4103;6910
17;1;41;8;5;4104;6818
17;1;42;7;2;4177;6532
17;1;43;8;4;4276;6201
17;1;44;6;4;4208;6207
17;1;45;7;5;4257;6062
17;1;46;7;6;4554;5617
17;1;47;17;8;4193;5767
17;1;48;14;11;4251;5454
17;1;49;13;11;4278;5324
17;1;50;20;10;4472;5106
17;1;51;17;16;4391;5061
17;1;52;13;10;4390;5001
17;1;53;19;14;4571;4796
17;1;54;20;20;4366;4994
17;1;55;23;26;4357;4836
17;1;56;32;12;4440;4619
17;1;57;32;28;4247;4598
17;1;58;32;21;4036;4417
17;1;59;41;25;4146;3934
17;1;60;32;21;3973;3795
17;1;61;45;20;4032;3396
17;1;62;34;22;4109;3038
17;1;63;41;21;4084;2873
17;1;64;48;19;3927;2869
17;1;65;37;12;4078;2646
17;1;66;55;20;4291;2363
17;1;67;52;22;4181;2298
17;1;68;70;29;4142;2131
17;1;69;60;32;4092;1943
17;1;70;80;29;3929;1884
17;1;71;80;23;3955;1678
17;1;72;84;28;3719;1623
17;1;73;80;27;3677;1439
17;1;74;66;32;3530;1228
17;1;75;95;19;3185;1071
17;1;76;93;27;2947;945
17;1;77;103;34;2851;846
17;1;78;130;26;3018;714
17;1;79;161;33;3100;775
17;1;80;171;40;3270;708
17;1;81;181;33;3224;700
17;1;82;180;46;3132;594
17;1;83;202;36;2832;639
17;1;84;228;42;2771;425
17;1;85;230;35;2471;372
17;1;86;252;28;2148;286
17;1;87;188;37;1844;279
17;1;88;226;27;1561;257
17;1;89;201;37;1326;200
17;1;90;194;30;1100;171
17;1;91;174;34;864;152
17;1;92;147;24;696;107
17;1;93;114;18;508;90
17;1;94;99;15;372;46
17;1;95;67;13;248;35
17;1;96;32;7;171;22
17;1;97;33;4;129;21
17;1;98;31;6;89;13
17;1;99;14;3;58;8
17;1;100;34;6;81;15
17;6;35;0;1;2496;6710
17;6;36;1;2;2732;6938
17;6;37;2;0;2922;7221
17;6;38;0;2;2880;7503
17;6;39;1;2;2778;7649
17;6;40;4;5;2584;7747
17;6;41;1;2;2710;7400
17;6;42;2;2;2694;7300
17;6;43;0;6;2844;7053
17;6;44;1;1;2887;6837
17;6;45;6;10;3111;6569
17;6;46;4;3;3116;6564
17;6;47;3;6;3343;6334
17;6;48;7;5;3449;6218
17;6;49;4;5;3644;6009
17;6;50;12;6;3654;5899
17;6;51;2;11;3663;5703
17;6;52;6;8;3766;5499
17;6;53;9;14;3608;5553
17;6;54;7;9;3959;5128
17;6;55;13;11;3965;5065
17;6;56;9;12;4029;4845
17;6;57;12;11;4369;4313
17;6;58;20;12;4425;3984
17;6;59;14;6;4078;3945
17;6;60;11;6;4380;3287
17;6;61;13;5;4284;3081
17;6;62;24;11;4383;2715
17;6;63;24;6;4285;2544
17;6;64;24;15;4390;2258
17;6;65;20;3;4618;1983
17;6;66;27;5;4658;1913
17;6;67;22;8;4749;1846
17;6;68;33;7;4968;1593
17;6;69;38;13;4769;1655
17;6;70;32;5;4910;1371
17;6;71;41;8;4917;1198
17;6;72;38;8;4741;1072
17;6;73;50;12;4588;1023
17;6;74;52;9;4212;1068
17;6;75;50;17;4017;837
17;6;76;52;5;3951;694
17;6;77;72;10;3962;621
17;6;78;83;11;4071;702
17;6;79;88;18;4431;693
17;6;80;130;9;4682;676
17;6;81;146;12;4780;609
17;6;82;165;17;4611;612
17;6;83;203;18;4424;604
17;6;84;205;20;4335;458
17;6;85;215;15;3933;480
17;6;86;240;31;3704;342
17;6;87;252;22;3342;336
17;6;88;263;31;2934;357
17;6;89;314;27;2688;271
17;6;90;302;34;2413;175
17;6;91;262;28;1982;218
17;6;92;276;19;1745;122
17;6;93;260;30;1379;125
17;6;94;181;17;1064;104
17;6;95;185;23;826;58
17;6;96;149;20;537;60
17;6;97;101;13;383;27
17;6;98;83;9;248;21
17;6;99;45;5;158;14
17;6;100;139;12;271;24
18;1;35;2;1;1556;1235
18;1;36;2;0;1536;1272
18;1;37;4;2;1459;1340
18;1;38;2;1;1499;1324
18;1;39;1;1;1387;1446
18;1;40;2;0;1486;1351
18;1;41;1;1;1461;1374
18;1;42;2;1;1424;1373
18;1;43;2;2;1504;1235
18;1;44;8;1;1432;1267
18;1;45;3;1;1312;1333
18;1;46;11;0;1387;1188
18;1;47;7;0;1400;1161
18;1;48;6;4;1343;1218
18;1;49;5;2;1389;1231
18;1;50;2;7;1545;1098
18;1;51;13;3;1407;1176
18;1;52;11;3;1432;1071
18;1;53;7;2;1397;1016
18;1;54;2;8;1317;1058
18;1;55;13;9;1302;1058
18;1;56;10;1;1205;1121
18;1;57;6;6;1233;997
18;1;58;12;4;1014;1076
18;1;59;16;10;1011;963
18;1;60;8;11;978;870
18;1;61;7;9;836;908
18;1;62;12;7;838;785
18;1;63;8;11;790;740
18;1;64;12;8;853;605
18;1;65;16;4;757;556
18;1;66;9;4;679;539
18;1;67;20;5;660;482
18;1;68;12;6;658;424
18;1;69;9;3;699;352
18;1;70;19;4;697;305
18;1;71;19;14;604;334
18;1;72;21;8;516;336
18;1;73;22;4;505;281
18;1;74;23;6;530;227
18;1;75;19;10;483;227
18;1;76;19;10;447;219
18;1;77;30;10;416;224
18;1;78;23;4;460;141
18;1;79;32;11;382;199
18;1;80;26;2;389;152
18;1;81;30;9;341;142
18;1;82;30;9;281;139
18;1;83;27;8;263;109
18;1;84;21;10;218;111
18;1;85;22;6;186;103
18;1;86;16;12;179;63
18;1;87;21;5;138;55
18;1;88;7;5;97;54
18;1;89;8;4;72;47
18;1;90;12;7;64;36
18;1;91;8;8;64;17
18;1;92;13;2;39;19
18;1;93;4;4;42;9
18;1;94;4;2;30;10
18;1;95;4;1;22;6
18;1;96;3;2;8;13
18;1;97;0;1;10;5
18;1;98;1;0;9;0
18;1;99;0;0;6;0
18;1;100;0;0;9;0
18;6;35;0;0;1205;1260
18;6;36;1;0;1180;1320
18;6;37;0;0;1067;1458
18;6;38;0;0;1160;1373
18;6;39;2;1;1178;1374
18;6;40;0;0;1189;1341
18;6;41;1;1;1125;1359
18;6;42;1;0;1257;1142
18;6;43;3;1;1168;1171
18;6;44;2;1;1266;1070
18;6;45;1;1;1208;1085
18;6;46;1;1;1269;1030
18;6;47;3;2;1111;1177
18;6;48;4;2;1236;1002
18;6;49;2;3;1191;1097
18;6;50;5;2;1200;1133
18;6;51;2;1;1229;1091
18;6;52;4;0;1289;1045
18;6;53;6;3;1337;954
18;6;54;1;1;1263;974
18;6;55;2;4;1279;893
18;6;56;9;1;1222;893
18;6;57;2;4;1190;842
18;6;58;5;2;1275;645
18;6;59;6;2;1108;699
18;6;60;2;1;1117;569
18;6;61;5;1;1115;489
18;6;62;5;1;1064;435
18;6;63;8;0;969;414
18;6;64;7;1;935;329
18;6;65;9;2;880;307
18;6;66;9;1;854;298
18;6;67;8;2;894;248
18;6;68;8;0;892;218
18;6;69;13;1;867;222
18;6;70;9;1;895;181
18;6;71;12;0;832;211
18;6;72;16;2;811;194
18;6;73;10;0;796;181
18;6;74;9;2;766;190
18;6;75;21;3;767;145
18;6;76;22;1;751;116
18;6;77;16;2;710;116
18;6;78;24;6;699;125
18;6;79;23;0;707;100
18;6;80;48;2;730;76
18;6;81;39;1;705;78
18;6;82;45;1;613;102
18;6;83;33;1;578;83
18;6;84;46;3;507;104
18;6;85;41;3;459;87
18;6;86;42;5;402;72
18;6;87;33;2;336;60
18;6;88;25;4;297;46
18;6;89;29;2;243;26
18;6;90;31;4;194;21
18;6;91;22;2;144;21
18;6;92;17;1;109;18
18;6;93;24;2;81;18
18;6;94;17;2;59;14
18;6;95;7;1;51;6
18;6;96;14;3;37;8
18;6;97;11;1;21;6
18;6;98;6;0;13;3
18;6;99;0;2;10;2
18;6;100;2;0;22;5
19;1;35;0;0;1376;1156
19;1;36;1;0;1509;992
19;1;37;3;0;1476;1006
19;1;38;0;1;1334;1128
19;1;39;3;1;1343;1119
19;1;40;0;0;1265;1172
19;1;41;3;2;1246;1124
19;1;42;1;0;1222;1101
19;1;43;3;0;1163;1143
19;1;44;3;1;1337;980
19;1;45;1;2;1286;1087
19;1;46;2;1;1410;1008
19;1;47;9;0;1362;1079
19;1;48;3;3;1318;1095
19;1;49;3;3;1312;1094
19;1;50;6;1;1274;1125
19;1;51;4;2;1294;1113
19;1;52;11;7;1334;1058
19;1;53;8;4;1249;1128
19;1;54;3;6;1313;1011
19;1;55;9;3;1265;1031
19;1;56;7;3;1270;1011
19;1;57;13;5;1217;1009
19;1;58;6;6;1287;858
19;1;59;14;2;1123;890
19;1;60;7;8;1040;816
19;1;61;14;3;1001;719
19;1;62;4;7;933;664
19;1;63;7;5;843;626
19;1;64;13;6;793;555
19;1;65;12;6;689;528
19;1;66;17;5;647;439
19;1;67;13;2;616;384
19;1;68;17;3;562;380
19;1;69;14;3;553;322
19;1;70;18;4;557;268
19;1;71;16;5;499;308
19;1;72;15;7;470;274
19;1;73;17;4;461;238
19;1;74;12;6;427;230
19;1;75;19;4;387;222
19;1;76;20;6;392;194
19;1;77;23;9;390;164
19;1;78;21;6;410;122
19;1;79;25;10;379;124
19;1;80;26;6;367;96
19;1;81;21;9;310;105
19;1;82;20;7;268;96
19;1;83;25;10;256;69
19;1;84;22;10;217;82
19;1;85;21;8;188;66
19;1;86;27;9;170;42
19;1;87;16;3;144;33
19;1;88;11;6;82;66
19;1;89;21;4;99;30
19;1;90;15;5;88;10
19;1;91;10;0;52;19
19;1;92;11;1;44;11
19;1;93;9;4;22;17
19;1;94;6;2;12;6
19;1;95;3;0;13;4
19;1;96;1;0;14;3
19;1;97;0;0;9;4
19;1;98;2;1;9;4
19;1;99;0;1;8;2
19;1;100;0;0;0;0
19;6;35;0;0;1363;1192
19;6;36;2;2;1397;1180
19;6;37;0;0;1378;1135
19;6;38;0;0;1245;1191
19;6;39;4;0;1266;1102
19;6;40;2;1;1217;1116
19;6;41;0;2;1180;1111
19;6;42;0;0;1170;1091
19;6;43;0;0;1230;1006
19;6;44;2;2;1142;1107
19;6;45;0;1;1250;995
19;6;46;1;0;1296;926
19;6;47;2;0;1249;999
19;6;48;1;2;1203;1070
19;6;49;1;2;1240;1050
19;6;50;3;5;1210;1061
19;6;51;5;0;1300;880
19;6;52;3;1;1174;915
19;6;53;7;1;1212;818
19;6;54;7;4;1211;821
19;6;55;2;1;1304;721
19;6;56;5;2;1328;685
19;6;57;4;6;1201;745
19;6;58;3;2;1096;740
19;6;59;4;0;1059;648
19;6;60;2;0;1058;513
19;6;61;2;4;1072;371
19;6;62;9;2;965;359
19;6;63;4;2;879;364
19;6;64;8;3;906;272
19;6;65;6;1;823;263
19;6;66;7;0;818;211
19;6;67;6;2;714;255
19;6;68;8;1;723;203
19;6;69;8;3;739;186
19;6;70;9;1;726;178
19;6;71;6;3;724;180
19;6;72;8;3;750;134
19;6;73;17;2;641;205
19;6;74;29;0;727;93
19;6;75;20;0;657;106
19;6;76;20;2;658;97
19;6;77;28;2;668;110
19;6;78;27;4;679;102
19;6;79;22;0;711;70
19;6;80;37;4;699;54
19;6;81;34;0;561;108
19;6;82;33;4;525;66
19;6;83;35;2;482;69
19;6;84;34;6;456;75
19;6;85;47;3;465;45
19;6;86;34;1;432;40
19;6;87;50;4;366;58
19;6;88;54;1;323;22
19;6;89;27;2;232;40
19;6;90;22;0;209;13
19;6;91;27;3;149;29
19;6;92;22;2;114;16
19;6;93;18;2;93;9
19;6;94;12;2;77;12
19;6;95;14;0;64;4
19;6;96;6;1;47;4
19;6;97;8;2;31;8
19;6;98;6;0;26;0
19;6;99;7;0;20;0
19;6;100;13;2;50;0
;;;;;;
;;;;;;
;;;;;;
;;;;;;
;;;;;;
;;;;;;
;;;;;;
;;;;;;
;;;;;;
;;;;;;
;;;;;;
;;;;;;
;;;;;;
;;;;;;
;;;;;;
;;;;;;
;;;;;;
;;;;;;
;;;;;;
;;;;;;
;;;;;;
;;;;;;
;;;;;;
;;;;;;
;;;;;;
;;;;;;
;;;;;;
;;;;;;
;;;;;;
;;;;;;
;;;;;;
;;;;;;
;;;;;;
;;;;;;
;;;;;;
;;;;;;
;;;;;;
;;;;;;
;;;;;;
;;;;;;
;;;;;;
;;;;;;
;;;;;;
;;;;;;
;;;;;;
;;;;;;
;;;;;;
;;;;;;
;;;;;;
;;;;;;
;;;;;;
;;;;;;
;;;;;;
;;;;;;
;;;;;;
;;;;;;
;;;;;;
;;;;;;
;;;;;;
;;;;;;
;;;;;;
;;;;;;
;;;;;;
;;;;;;
;;;;;;
;;;;;;
;;;;;;
;;;;;;
;;;;;;
;;;;;;
;;;;;;
